N,P,K,pH,temperature,humidity,rainfall,label
107.45071229516849,57.92603548243223,69.71532807151038,6.956908956922407,24.531693250553328,78.12690434440655,231.58425631014782,rice
111.51152093729362,52.95788421097572,68.13840065378947,6.360974692156262,24.068540492859487,81.93569817252828,161.73439510684403,rice
74.12623251230451,51.56568706138541,44.80753319498364,6.5942741997785825,23.183951848957577,68.70157038931767,229.31297537843108,rice
96.61335549270197,61.012923070318855,38.62877720679815,6.336685182642445,25.22184517941973,70.79205138062157,207.51396036691344,rice
90.99041965121792,55.62459375310085,50.97440081655905,7.055683455352681,24.97300555052413,71.5383125683528,216.45089824206377,rice
81.68734525043467,63.132953925071334,30.604948141803366,6.101544185330471,25.393722471738247,85.90773263996329,203.4273656237994,rice
98.2652757641764,55.48344456616067,37.82217014448859,6.284046737481588,24.078722458080424,88.45697780975132,206.87236579136922,rice
73.554397669559,64.86125954092192,54.22376579375525,6.296923399908213,26.223352577681737,88.2479961799676,218.62560238232396,rice
87.41173715166042,55.36181436223178,64.96895147105346,6.792663538136708,24.04165152430942,78.51472818668947,177.87330051987942,rice
82.05690063878994,72.18788733591298,80.34360042856234,6.4783969635259,27.007065795784047,82.89308820038107,187.0976049078975,rice
105.4209340826262,83.07054849698955,59.46260941335073,6.969393096744202,19.76050979182051,86.57522003500179,201.74094136476342,rice
95.51488974301199,61.37641164803254,30.186466280986608,6.434098433648747,25.714225143023494,91.82315235793213,189.63459563452705,rice
87.87259595660218,52.47364434623195,73.73103176553111,6.598625332897905,23.940479592465923,84.10613946490685,201.9415509869608,rice
114.52967485799334,49.469203591839715,55.085067801033475,6.382367554060353,22.072970103735763,82.3689622165166,205.2211054435978,rice
100.07670184963692,56.481192999372794,38.769438869243785,6.373806403170392,24.314570966946462,73.58178184622705,196.7742857666798,rice
106.06076285221808,88.29278851815795,62.61866719247759,6.57726511721683,24.851108168467665,64.64983027760766,199.46972249101566,rice
100.90345314911539,96.94863168727929,57.114585528283165,6.590464202700084,24.930576460589513,70.65057569904374,222.8564562903004,rice
111.27899549030161,71.8654792056457,46.35918817807892,6.92083829328083,22.19629787441544,84.69485675040217,243.80911251619958,rice
85.14195512303968,51.50553405595842,61.49477047631462,6.348957303765141,21.898673137867736,80.54850379844822,178.7539257254779,rice
107.10388645952773,46.20863648649295,83.24901607526309,6.265024012299129,24.35587696758865,86.50813773895736,175.3827136713209,rice
103.41189901906193,79.60714131423643,35.88775148158159,6.555390157559692,25.519765588496846,86.25458297421848,175.26098578243835,rice
80.19315080373585,67.82912348425347,64.45477009849779,6.575147855103763,25.69289641899395,74.55980222737207,204.64507394322007,rice
104.39608709948021,49.28472872960448,87.98661766717134,6.642149876273536,22.617393005594703,85.25242886907064,180.50636659545358,rice
111.80626905613678,77.37893368511106,47.68976522472434,6.789012838773297,25.825561853872998,86.57648127995591,237.93585965307895,rice
96.31917825995694,48.693957534637654,46.65728355561715,6.255256914510369,24.845796581171793,82.72921579853315,205.5338159866004,rice
112.40774873554035,60.19502837816861,81.80301115735975,6.420602950028613,30.440338333179238,85.00533878212005,182.85684887167434,rice
83.93661252908332,67.23708622864778,56.64805822011223,6.7142001482276275,25.94647524914709,79.41736869874502,183.0641256386319,rice
77.27729162971204,53.302275718994686,72.84598191485209,6.564228123239062,22.508522442576023,81.38544740680946,207.70634759457673,rice
86.742138456983,62.305876589182915,60.87313077669,6.1571089106508134,25.715574720696566,84.48627621094587,221.66102486350553,rice
115.80703078052355,39.33495948064363,45.93262440127316,6.654510580162598,26.027571901824416,84.12038149044838,277.05462981309444,rice
108.5633576603975,77.03348460270898,74.31002645239803,6.695417375391739,24.369461510719308,86.07175376394613,184.54349570924856,rice
96.44772089889986,52.71954678256345,61.22811209079484,7.194397570002053,21.265469614816503,85.4900815229961,167.74568257620697,rice
92.92102201315849,76.33425895451049,60.96420028643194,6.176676566621208,23.569392581480063,85.4367819914774,185.39266736565727,rice
103.24687884372962,60.68357759855721,50.22599478591275,7.143183226797598,26.267838044636022,63.798859306739146,203.72908629538856,rice
90.07320302847418,72.78650002194335,48.11218892350949,6.46557906755993,26.009974557960913,86.92604155336097,175.99407185888447,rice
94.98248146238578,52.87582033258566,50.200061511394324,7.029636272084329,25.80996342192191,69.91292836531964,218.35723894109552,rice
131.8323429551895,75.4869789082672,37.2094505106898,6.354729778140125,27.533822298373245,74.33864427504976,208.87638856292457,rice
111.61951080144006,46.09604292632876,59.107119659073,5.527619797979279,22.95122471733142,77.97945478885472,175.044336360703,rice
124.48616955897452,38.54787933059051,53.39933269954524,6.539222173185827,27.88254657813223,68.51310279056449,223.26327504309918,rice
100.1534959152938,45.27737023428074,66.93155211394907,6.559717908672041,23.79956624568241,80.55841667992016,192.29372806276479,rice
101.70276017876873,69.9319601178157,83.79025224218029,6.128655350351945,29.266066749312532,64.38329760381998,196.96429809928833,rice
108.82475809726864,64.2148780160255,50.659507202691096,6.4375633248928175,24.013998130682335,75.2850819444463,216.9920419404205,rice
105.35523228947571,49.60635607109019,73.49399813149876,6.592189856262983,26.62572423767792,85.0370307353889,183.42009978155855,rice
91.59728439704546,71.20940407684893,69.15555398150197,6.493729521810756,25.234654766617563,90.2213191663074,188.1685722232834,rice
108.20646071755057,56.96711021349159,56.73478195159169,6.829633055596157,26.65083269797606,86.50807708800511,226.10957614308657,rice
100.31505762449139,70.22929456942445,55.34599865109816,6.597249905746533,24.739713891264632,80.77596771994175,211.90314050873826,rice
87.72668975149791,91.3858091352819,44.90973927750447,6.13574341616368,27.316221747000135,86.33330155170349,212.4823963410431,rice
109.4251826389642,59.81629840729628,46.54118442771252,6.522741367458118,23.645676576975777,87.800957867342,197.05885236995724,rice
87.61754204811233,55.1792123752051,66.19397181413436,6.330882634158808,23.355559208867138,81.94949769193529,204.89933142217444,rice
92.39585236943306,52.93442541572516,63.480749060364545,6.065574697550803,22.18507245124689,74.2524462299805,195.73105696576306,rice
104.66361348397007,82.13034325424329,72.86489434803029,6.4520184410109716,24.96196758419462,71.97976508289753,199.6297372801522,rice
95.67012041619793,64.84077840507135,47.59153584671515,6.6558039542723515,28.065477826005157,79.12991881234514,208.03423444197884,rice
110.35215987566669,53.98169292171246,63.36138722715625,6.503777720234538,25.195352197097662,73.81592172915627,200.49020348517885,rice
107.46997436868175,81.76715411692562,74.3890623912781,7.145954737253467,23.4653048742239,86.97856509376543,203.66684011476704,rice
132.8470439982651,47.87552571967273,47.40417236728836,6.320182206366793,20.752208551380384,75.79395982655392,184.81734676892603,rice
102.25590679714311,65.12633963665739,88.14256258823829,6.785127151455815,23.846192688675195,72.81268262921314,209.8383834301301,rice
80.19650189469037,87.47188148781531,77.69160181081931,6.359247304368589,21.573730941818244,90.8309789933233,197.70920309494764,rice
118.56724467960193,36.08358511808449,51.00937465569341,6.501573109915455,25.093961187529484,76.39947622816605,212.45699864694998,rice
83.98569355926108,57.8643077246806,61.804434475678484,6.654331650217625,26.42322975617778,71.00286326529705,169.31771658528754,rice
119.16515232847763,64.98471017969388,48.7727019516517,6.965345592656757,25.231349268585717,89.43437747251062,201.35036962820217,rice
130.9112188732298,86.33011263664807,56.2655377728139,6.791471285286306,26.290751899170296,90.94905246025878,180.70153078839792,rice
110.29077189997659,75.87636730274382,33.618907703653285,6.145022446200268,20.9215356444798,77.84474532444354,214.35084511591924,rice
122.53535578144042,61.111421706296625,84.42923318356938,6.085969562535532,21.59323512128969,79.55561840882704,207.68130897878615,rice
99.5095787785886,28.98836849940185,58.66319940730818,6.108659149848544,26.339345097660075,82.93278596877478,181.20240427345288,rice
92.2919962399496,44.11179717166573,59.059813540902425,6.786542696150372,23.028547907328914,84.03237212414275,189.39484763255118,rice
88.10690751606484,58.394544600681634,44.47136516370939,6.333905208395845,22.6042442148223,95.71780106333111,200.70527103943456,rice
89.50411738011121,63.20969866101333,58.31507925463755,6.433709120140033,26.22833340008685,86.06006168037844,189.38997704778944,rice
91.3627263903298,55.874224542725344,25.471182528966224,6.045442681340434,27.73374853488905,93.15974170801027,195.01927920887243,rice
108.6483544458365,64.66875231815304,106.18321212682856,6.835872473430373,24.744164817038467,72.35567647519659,167.87107359484855,rice
103.05195453800835,48.654738820735446,38.666194356034886,6.306028134727242,22.83690399277121,93.49713308058051,217.63279513898902,rice
99.88041038025074,82.19916208335039,61.16052461471428,6.241614739601521,28.046248154539313,84.31128034947727,179.25507691347087,rice
97.14491982874588,46.86572619922865,39.25800403553496,6.777853264259493,28.81883328094026,68.81145940944687,211.25938473381143,rice
90.24036146317259,52.69311924352956,51.11409113641696,6.240802769096055,25.097043255889655,73.35239906871169,205.40913651559677,rice
99.24642835826295,56.41577929700385,46.386545069376034,6.3269686008295,26.51078245165151,84.00733750099505,180.44889510402896,rice
101.48998458143839,71.27080685057683,34.95892078317942,6.663008057713981,23.674752482108307,84.56478934874528,184.73481686914965,rice
72.92676849003222,35.58686343175256,60.72127419992073,6.577916750516445,23.191366749791182,85.108739670219,166.7695987546208,rice
99.00880302029024,41.834757003563155,50.222458382967616,6.514219601394924,23.279173269432096,76.9235556461614,220.1258561842888,rice
91.34662195715276,72.53538168097712,43.05439718013573,6.658941253374585,27.8831372413158,60.226843998981686,184.06209489059046,rice
108.6560819077081,56.95431920935511,65.56718810056964,6.318804443985254,25.1731795749458,78.75458211686336,223.35564123319614,rice
103.8163126495182,65.06403993112804,53.82184550816299,6.353718132778252,24.134883624360757,83.15561713902638,191.58031038359474,rice
104.34662285344619,91.13101197968157,73.06687055147539,6.402192940349647,27.40242784432789,76.73539701582759,159.2375092964429,rice
84.87870533623894,31.938121184612164,54.72729773938037,6.505525513756866,28.352874624550566,82.6154189901133,195.6179894238227,rice
112.44108371775233,26.832970364881724,63.53421837162849,6.73125955816609,22.04282750844032,89.15003234565543,206.76992814988827,rice
93.77068129148797,69.49172799159427,94.06039286706593,6.554559876517549,25.496441172600672,76.32511280367805,183.00311261070416,rice
112.45503724816368,47.15874261136699,61.073493558290885,6.356702765970465,25.957959651492782,82.66929684229558,220.750798885158,rice
92.3497540171788,55.95187597059943,45.31854426326539,6.3667120219771665,25.754600986089706,86.05590893316281,181.5566935164475,rice
113.0440888015849,60.33456788207427,46.20152354835551,7.31303874376742,22.452421601792853,60.042762373508666,34.425595021914425,maize
122.44066467233775,49.81548484531086,39.16622993634317,6.833990587895946,21.749021905403247,89.56601583693461,72.58442363950455,maize
101.64092191907339,50.88649935848038,47.2151384760507,6.81716520728374,22.419051089109377,73.77174685708796,107.64048992950067,maize
120.18130069232467,63.89779939959095,32.33176485353222,6.453118553922426,23.748426159800704,70.44579929830955,91.88383036941897,maize
74.61303055427771,62.943254791909204,37.629881521315156,6.621935679015774,21.975791249479666,56.76114662507385,86.46341167923829,maize
101.09976950782605,20.650586503884192,20.573818419045757,6.649264590212962,27.338043050578786,67.92326918909116,39.93714093763788,maize
96.31385403871083,35.90914645378494,5.0,6.7337115400446566,23.538130939582643,75.56965091850735,106.9791218989069,maize
116.89847544321637,35.96666964167754,23.402111368874944,7.522007940974958,24.118436868028976,70.11143433530357,69.51749825779993,maize
102.97127141151782,37.834593821140864,31.395069896796457,6.585942317627882,23.934493459568003,65.65260183092988,55.74308434645671,maize
101.59645341537845,36.17534173868717,62.559894828740326,5.954709057482097,26.183013703844924,79.96868153998103,28.53219535183701,maize
94.85968608879477,34.428387010063126,18.887324579232683,6.516654993722738,21.778848309068344,84.01816354738898,88.71356786294922,maize
119.07332642491238,50.82508096064853,23.06422343174156,6.592643920116068,24.978749122455834,60.22297752886443,84.25996860344776,maize
96.39511902762797,34.377687886756036,50.664399523052374,6.883278993445812,23.27806766836184,79.27463842691398,48.37873344800205,maize
109.23903410416395,48.89651886952576,35.35680341029015,6.847839906672635,21.497772847229395,77.39221615365521,66.30195727114022,maize
92.1591546922144,55.73513838755334,29.43484464185861,6.327461611090932,20.886741652952193,74.84807961076511,44.39141295007434,maize
126.32191272976547,8.771058881744167,65.44684552435058,6.813305240160785,23.806573776259214,65.6406473055284,77.98272228704141,maize
99.43547946362727,56.54952823024782,41.7134147299306,6.795090528438563,23.27277557557229,69.54443501023147,76.15603537784118,maize
74.34747411015061,19.777218668414307,51.148961410340725,6.801259631438382,23.632033327294643,70.14747146452315,76.95163410723342,maize
91.90360479535957,28.32542911896531,42.93767882646522,6.4564881667154905,24.816505511428943,56.37933116609727,90.58311274651288,maize
107.08896223619564,43.840446014708135,54.74036475918271,7.249642333338773,26.02874013003626,55.27300614934684,44.40846066528597,maize
90.62772133456482,40.3913657531625,47.76488530703685,6.532276856053961,24.373533528954155,63.95693654117342,57.76964394016103,maize
78.90008354727667,26.151501308336435,19.724730915754996,6.4572380241068,26.10728359321568,62.40480888934446,122.64764129674782,maize
107.39976851321333,42.77254185542311,27.124633297281797,6.960092963822698,22.848724347524453,70.97607851716289,121.2016907653759,maize
98.55910150413025,57.23909989428513,29.45235362311169,6.7395034528509115,27.54160127127102,64.98426353769786,106.24897115993858,maize
110.61627903183214,31.562998361585986,49.48611608583281,7.041766334888019,25.24361992443439,57.43820224087635,55.45725648350263,maize
96.28722046672743,38.88349856349931,49.31008146326017,6.803310300279976,21.3293112825798,73.0415828080477,82.21171490567646,maize
108.3968567189656,56.21171088331933,52.50883231823356,6.887754023768531,23.859668577082704,56.71231253187207,78.59236438265171,maize
103.11531530744666,44.0736825579306,20.84877136269536,6.425683037877521,26.106305706665808,69.68355876914676,83.63001394745248,maize
100.42477564195691,40.446342092436176,54.074257089639964,6.595186581534787,24.192241553881967,66.30179769035966,61.31007545135369,maize
95.3624181479704,43.33200657450569,32.818770675047844,7.126726837672056,22.210785395560993,68.50502684670913,61.2053788345165,maize
121.704668265306,42.94832164767362,55.477668092029525,6.3043318880889085,24.534100531738517,77.1170463649875,71.64567978550848,maize
115.98220562598027,32.24067324849442,61.140211602783694,7.439669437085775,23.27432287912068,66.43597982879382,99.06768954235402,maize
123.69358218596068,32.15709959270097,33.69719774356214,6.665464617341848,21.311098977931447,62.650784428126414,49.91718466495864,maize
88.48303652343807,39.47972668919828,43.51322098804781,7.2151501478442235,22.003291918522418,77.87457918781267,65.72022311548982,maize
99.2580443552135,50.122292382499054,23.159169676565522,6.864722923855215,24.33290441642611,73.9396101120652,75.78337287815636,maize
136.8295020986634,30.43390023623026,32.035045674972736,6.5630578420725705,22.88904576167949,64.90090298154786,93.78033062215104,maize
121.30756371984782,31.438805593757856,27.51466640343657,6.891424666915921,22.895553911438057,75.06345454204408,74.058460417026,maize
77.26383827504152,63.212578019950925,66.93816509643283,6.566163392854684,23.224596880128033,72.28692312579923,76.6891357997405,maize
109.87816409009245,70.15306808149525,37.34579158758926,6.5105108266384635,21.241361543970946,64.15255968046465,69.33746054252406,maize
126.91836795276681,32.235830514457426,43.35681927458348,6.745073131178175,26.376786546896167,90.21545940698897,59.382624541593586,maize
92.65840836222667,55.66241315603608,50.22837234439467,7.30401219772081,25.16785637065193,67.12566327370352,81.81309661384618,maize
116.63055370874362,52.30723271796046,47.609110466609465,7.070002406876746,26.338591180891346,81.05727192830022,82.97419775179286,maize
97.49322879524719,42.20070529649984,58.09763449762535,6.504919298703829,24.737346617745803,66.85328950138111,70.57489645869634,maize
119.17677793910948,42.86648602029855,40.69654822234223,6.342043157706025,25.492507132054442,75.1638734491286,113.2650944661092,maize
95.38332647570499,43.287254914959085,43.74075525566133,7.223235983929042,23.809408935226095,72.23217220616272,82.15793019433079,maize
102.79913684734537,33.30349578174208,42.911349893474615,7.072089524957931,21.94696940117788,71.06375739317501,55.997583701216534,maize
117.92569943387264,17.15219642824338,31.616172290926173,6.8631635625193566,27.131048058468682,69.47399791141609,58.896009466136036,maize
128.21735604160887,18.27979149375634,7.017910650698774,6.882004335016,22.99589155129478,61.8301374629543,84.16712894598706,maize
103.65701070656799,31.538820538949075,20.795434019936582,7.0117371984840435,25.30040235591732,69.20659308976494,106.93273992095331,maize
83.94872850510771,17.117122436128916,29.62137895178133,6.736324195093351,24.486678898645383,68.07011153714936,77.04110793028593,maize
81.22690863714334,61.65646906109889,38.76773232411147,7.085188749476439,24.68545069275541,73.65402575323027,81.39534560464408,maize
106.71562840025973,49.64084139801316,59.93728795198647,6.808956350910441,25.418007515177024,69.28211444570219,98.80234430898946,maize
89.85411546911095,67.01410649366224,39.39763074033485,6.3207674693645854,24.256208829821578,64.55158674020095,86.81287097977449,maize
90.21064031046413,33.307248501778304,11.656889035817034,6.614308104225277,19.152241346742088,57.32877741211421,85.20829312288595,maize
111.78700237976248,46.38186342677447,25.495357853061805,6.735686593157406,23.992794921818863,60.73308248645966,100.067966035343,maize
113.16043435863507,36.68553739255504,40.40328758491796,6.812514842384266,19.91653026315142,68.02258093983522,56.36031504004403,maize
84.97569985157627,35.78349560671067,66.96529790274283,6.942252858380103,22.857642020434405,74.58066225084927,97.98710873172004,maize
113.86950524369153,40.89445554880261,30.29594833441639,6.959466994084077,24.7869707708435,77.16154576022186,82.70343603363939,maize
115.74329072979003,31.971471826591483,59.76091098451489,6.80927988140772,28.15052174525053,64.48649745528346,104.71927606330499,maize
102.96866175193972,30.228729945783275,32.741712489185176,6.653895807541704,24.848331892803834,74.18268390428399,58.52599992122842,maize
99.63468111608526,72.13405537917795,65.91314755151066,6.880897100902209,24.0760069563364,70.96025061374608,82.27035945460833,maize
84.65811152202392,36.139351938649824,14.971238891836158,6.869766936781584,25.29439187940548,66.13450830160501,101.47973526580066,maize
81.61351505496488,18.034376796852698,43.36677727839958,7.064129490783646,27.36785538291574,66.32892589704848,91.57361666862592,maize
99.42237295748939,37.41059050088771,53.25489906230008,6.9456968635240255,20.8472156860315,81.81232279780717,97.60182708294903,maize
90.61655947735706,45.93705300156114,47.41045279424108,6.828202129747172,22.89938969230916,64.62701305649558,69.48891858017109,maize
117.59093528889048,48.15400231891648,34.44078501870841,6.981509613194503,18.30291475873985,79.19012560297682,35.20572442443801,maize
94.56338587895301,23.20495158060784,20.579777864186415,7.098248036213556,23.064597597376217,72.77203105384572,69.06158842241632,maize
107.15561240834683,41.15232836590383,20.755116637171454,7.048880045834142,23.012486833677375,57.547344810721995,61.43769678068175,maize
122.51139685951466,52.753326131702394,34.77021798388211,6.645222688704472,23.356729897565234,86.61398386848673,77.63870904463107,maize
106.45062470786604,55.45425181047763,43.581837385397705,6.672287356253789,23.607300301830044,69.42718992468748,69.25555526980317,maize
110.9144431545547,40.77918828710949,50.98960115823369,6.725785025967426,24.15727038063218,54.014394523743135,88.32655349404963,maize
105.19732713846989,54.97015164789478,5.0,7.376512411434218,23.720820743689654,78.86546253390013,49.20188145748938,maize
109.19160857593855,24.198766552395156,30.643465589562922,7.324209406160036,23.618635198473307,71.73946298543778,87.40135461377508,maize
107.43522831958907,42.256283577153646,45.47441503699338,7.471024675571482,23.88476240593283,71.60879237371974,91.01308792015224,maize
116.58288899436975,57.805454583405705,49.580953330437765,6.407098526180855,27.26686306460219,60.829236855850496,76.05270930478066,maize
88.68586224970963,39.03792480110511,44.93143615455221,6.846407164635082,24.843841508470568,82.90969015246918,79.0706860302796,maize
96.33765047064027,54.46130752432536,57.842057333869604,6.381717655458902,25.194800139699716,75.60938193848719,64.04872993280016,maize
120.6356021996743,37.7491661945121,41.88364680207313,6.698078452714839,24.031158095162937,61.22979930483839,41.198982348114114,maize
123.91757594837458,27.295579775225082,25.129114758155392,6.103982965918886,22.722076504620997,59.41528165274001,102.84030320272738,maize
115.1472563401395,29.67774482233414,73.78653708016463,7.0445296460974784,23.350337232982756,50.004754281011415,115.81885145181484,maize
79.15641299854606,15.319018795646624,55.338556480144604,7.481925721901781,26.768545637021035,74.51127296041888,81.89508683330573,maize
112.80123338170462,51.38392884680148,44.21787135954064,6.781260331185563,23.874813744200956,63.96828328906659,64.38649846266452,maize
74.60564778706922,38.52490559807875,25.171133392736238,6.418923204835269,24.359788302306956,81.1360182907568,88.36633212004625,maize
76.44249094565234,25.155577951444936,54.111567819823236,6.455253781938507,23.55073370000595,74.40041679219641,50.633110902727296,maize
101.5806325921894,19.989617576226934,30.979485340731795,6.845934580242761,20.814012532936662,73.52379790368319,69.60724402146637,maize
108.28734931625722,43.358712010969924,60.46210644960766,6.787567350794372,23.141188917749496,70.97838002425827,80.86596058072776,maize
30.732901054885566,30.608875368058236,19.47012468289867,7.051129724734715,17.194789456400613,63.99661394549551,25.122735292174298,chickpea
19.606422033061392,19.22389101646204,43.42386565416662,7.1615150965123915,22.49548414534747,44.612075006049054,55.57988324447604,chickpea
17.46979420110364,62.177236916600826,12.186023714557308,7.3429462130681085,21.267553761864196,53.31039277961199,46.294246822445835,chickpea
28.052689503998607,30.657172079686642,27.79496997557267,7.539163735038473,24.421046003182703,45.54006571993733,22.603940408418445,chickpea
28.675769274731177,68.69564006481477,17.944881480454036,7.74173504163322,23.355401628152883,45.571294066336044,61.379661583705506,chickpea
54.42594934692807,24.313083885187694,26.946294598464572,7.075495725815407,17.970486538614267,44.80577963947194,25.52119466475487,chickpea
30.511252023888392,18.450401534120374,33.50678867686121,6.783231306138912,20.661760464428916,56.668231692871395,20.0,chickpea
35.61084854771358,48.41503488709938,11.855384719631918,7.751771716051311,20.83803801873209,44.35990515393273,48.88461844684588,chickpea
38.374903687825835,31.14008087118617,38.08133988669554,6.97379792207619,20.338721648072156,38.69028402476016,47.775478773025995,chickpea
16.44138537802815,18.967050861153503,48.54139762815656,7.577393036178281,21.218276241814355,41.261497882619366,43.671831006103965,chickpea
48.19646549968775,32.12575370459857,64.7899430997254,7.367995351818312,20.38409823298006,47.527068286379986,52.67081809564564,chickpea
27.71295245429184,40.621630150328855,44.35053475191876,7.0142031618476155,17.337534092884443,35.31035701517363,60.159826538250876,chickpea
13.449500907391897,5.0,35.82867906796446,7.9978998552298375,19.987858176920213,56.70792619561313,51.6365871709513,chickpea
28.51665520213286,43.786147244816526,25.64588183717023,7.330217694221571,20.643395612392027,44.65527637085561,69.84084699073045,chickpea
27.37560364956887,18.66382260760733,38.047647653556055,6.980459605462689,20.056362314738255,49.92704802684637,71.71791131663156,chickpea
37.12047349319929,29.62459561882284,42.266494488004305,7.667062264705194,21.115620612703726,50.08282095874704,23.763275352996807,chickpea
14.023295053869411,25.421629434679986,20.857316967610753,7.1939086091043665,20.113299849794213,54.237542034853846,48.590024438818176,chickpea
37.297524657393026,30.967116222151805,5.0,6.968199381854374,19.71182488855677,40.32244205727114,61.99857459992409,chickpea
52.96126248515546,48.28142777545975,26.79835693604688,7.697217841054986,20.297334914404225,47.303312231055685,37.7319467291812,chickpea
25.462954702678076,24.177347721881567,32.55624333563232,7.29817219431496,20.00609204030683,53.4955053579708,73.81292549572683,chickpea
44.24331203161986,7.726530473251447,5.0,7.530295973371782,17.266242603169157,48.201876784858534,26.59773947881281,chickpea
2.9702934362997055,38.12194092307182,41.387327404539704,7.077046879781984,14.81791541571018,45.63004441398014,57.83608010805093,chickpea
7.81632646838807,32.750398796687335,29.770352262405066,7.423787449880327,20.239160736828307,42.21544847294756,73.93143003328983,chickpea
27.62205640459545,29.59043190735102,16.00098061390206,7.117015324642547,18.2303945719462,48.616431520612615,84.23416960284686,chickpea
9.421482856029655,5.796579031848882,52.06755491240413,7.187202896854441,18.661854522680166,58.31923749916861,37.88768920526272,chickpea
57.39014570320404,40.16888807008904,22.681328877814458,7.897192463979651,18.788570153993323,55.936762976074455,55.985851608129835,chickpea
49.52611934098197,53.42266795090279,30.480062235986498,7.023974638896145,20.919944285878234,44.57827704198315,90.26774495053246,chickpea
32.04802996624106,24.52017673031837,32.77020458797362,6.8458621131410915,18.056771922978697,59.603311263555405,36.862114420572084,chickpea
14.296335259770906,38.049791287909294,47.78556231994496,7.46568599319952,21.992095371611633,43.945639291444316,21.563786665163125,chickpea
52.5200047793323,25.159802417367963,26.23750475317429,7.648458242554717,21.11246001880132,53.64710217665286,93.30004689802168,chickpea
20.347226544297854,43.917601921218555,30.85519687345627,7.330577683658977,23.056936852825064,54.06268605031699,60.76592158099266,chickpea
46.087610059647034,24.52570905685672,17.411854989914904,6.93655724179369,16.067286821247997,66.44965703952258,27.93583268556634,chickpea
26.68119564621342,25.84780050166619,34.61110046713651,7.494721163761789,21.72094697671949,45.33538049144849,46.65756572427177,chickpea
34.2386992573245,26.269633107246793,54.110183640299894,7.397292485491476,21.469755572099636,55.3030501493393,73.4694771497065,chickpea
32.7153233805556,10.547520780662303,35.99531927628962,7.054592931862452,18.942766636500487,54.690912150040745,74.76566142867271,chickpea
30.319073651040924,34.63249518898446,55.533224169528566,7.32222595384657,25.20336622836079,54.524077165052354,20.0,chickpea
41.30012431656799,35.71737577324167,49.34629131124119,7.451954405380987,19.723088032032454,40.20561410968507,45.819534854279496,chickpea
17.242193186860497,21.29214825292916,38.82867606630914,7.750971351305422,20.78934305964596,40.432935503718525,58.89205336440281,chickpea
47.94947229968477,20.853256435209268,27.989742499906235,7.254406458418759,18.43020337383552,55.186243470750874,47.58103702784437,chickpea
36.292986658605415,16.6876173329685,23.438125495148842,7.466714407348332,19.254333695816467,63.81571080986724,42.00727628770795,chickpea
33.37027088627829,43.98886247809635,8.724514006004526,6.721757356405767,16.948687370859812,60.100672827417455,38.96283708215107,chickpea
68.37298928502378,21.536286020139173,32.768269547955555,7.712632985770362,24.012185776318248,66.49202861309118,74.16732461186285,chickpea
45.360937887171936,38.88790423801775,41.675416142499564,7.08464428510144,18.363602233155387,49.973004340712386,46.59630754950143,chickpea
23.201579260090874,40.44581171185073,44.32957812855766,7.276522065887554,22.955060162110524,40.86648708693196,46.12681081440564,chickpea
19.247665190957925,5.0,28.75978971235951,7.213475747485015,23.02689948648426,55.04649347643822,29.5162635134159,chickpea
57.81138849501282,48.31550543288029,38.731465552029235,7.182054770345051,18.08112152655304,47.022345791431576,71.77497239408372,chickpea
58.26879458901914,53.14865292408284,22.66725867320589,6.914114770013296,20.28177249382241,35.852485075497185,56.46335428369563,chickpea
27.78596120551997,23.009452471976367,6.0794539909980685,7.404080031970915,18.934598320676177,40.640665314317694,20.0,chickpea
29.587276424240457,56.583773950046165,54.91888821821805,7.112871123024118,18.795575879276438,53.75019404860019,30.03229121623417,chickpea
34.52687849729199,41.491204175770356,48.403998358264616,7.2199537770560145,19.592652499646068,42.97613930594751,33.4623929192028,chickpea
26.6028166214771,35.510482602242675,43.703769393498746,7.009046314795897,22.985377137919045,47.83101119165945,49.57265411303128,chickpea
18.79182481278265,5.0,43.26068094541574,7.47105316912773,19.437344885763572,50.535925737798976,60.31878435408199,chickpea
6.561812146701861,22.064209839805578,41.913970194327405,6.873713173049225,20.58711586433326,39.14734556301276,59.328599648670526,chickpea
29.465377765537745,5.773022761417359,47.47109031685757,7.029622526960585,18.37949512597124,51.60455357784754,72.9727469885743,chickpea
14.762672715324046,30.925197747719576,36.432247504958596,7.457931682178943,20.35288311055445,47.06377728733342,33.44819558702561,chickpea
31.29215824569562,13.917914820215895,5.0,7.380967941247301,21.80786968217239,31.096540515665293,29.80538590580125,chickpea
39.287313915077966,60.862432045675476,30.311905615131117,7.031599117631259,19.634207117790318,60.99901135318548,37.080716417509294,chickpea
18.012119900246198,22.758847167269515,15.700070876119314,7.286801094798439,23.24935691693912,52.584634184928234,44.95292995747425,chickpea
25.62283096626684,6.552137869550144,43.246646657207386,7.22664884089616,19.63904017281875,75.54486054275888,55.975058167313726,chickpea
18.723134248572237,23.60463605691685,47.22668563795132,7.283981123161329,17.123444043365268,57.35383147660163,36.63711828922012,chickpea
58.099466643263185,46.20072098571973,23.290171565118733,7.634304908520534,20.135711021054806,56.822189400977756,59.6946563458895,chickpea
17.3046501751369,20.34675251523807,45.44941226371742,7.149567400368038,19.192703073516007,42.35901936520518,58.47198131186922,chickpea
60.937873788647174,13.987006286185906,30.36329185009137,7.673666166624629,19.84071721750857,53.61897436999787,28.752129437062408,chickpea
36.42460645811473,27.19283602493177,44.78594993519795,7.606215815469425,25.17912728403723,54.6370653857086,56.51592633164333,chickpea
32.91576452366004,24.702505607839676,35.077257651925365,7.161379576958291,20.336921952539228,60.54078028486368,29.869148694407176,chickpea
47.09817841693568,49.75672601009798,28.22897209513382,6.613443530297421,18.784356025811135,60.37595637248887,49.542638754022356,chickpea
15.010466515576338,22.428376181576738,42.6093003975683,7.414020070460413,19.52213580166061,47.0654047054825,42.16483701912356,chickpea
16.163847232522464,54.23063534204162,25.165192961829902,7.615147556247649,23.042632103844902,57.986487185183684,41.367593745639034,chickpea
36.05595135504914,29.637065904136257,16.444472089048077,7.347307784516481,17.641920417680396,59.50143510769251,40.70765405403214,chickpea
33.01739483809259,34.24931807319213,26.11642539443884,7.426008140442582,19.05019268675495,56.97037837965795,23.08040639506503,chickpea
31.89569369319618,59.08393498587427,14.99503013091638,7.046676508842545,21.02781569931783,51.436654255516785,57.012601985471186,chickpea
37.337806952214954,39.52082202842655,46.645497629343346,7.372945597078553,19.517484690762917,55.38058960962185,87.9976386979043,chickpea
28.010493804261397,15.382060429940378,46.60621003930459,7.21388565081392,15.654660907971927,56.779373417203374,39.29343628092155,chickpea
28.642000765437587,34.979704958535216,32.857495196685996,7.462835545141711,19.12902725886031,54.10484638540866,44.80906644832166,chickpea
41.08215721331254,39.2305122601958,15.96841946933107,7.575794634852509,18.928073109771905,56.46446238624916,57.345746268026815,chickpea
57.57275515192684,26.64801026442222,24.760248058227038,7.24417411823368,19.39364043433145,56.3995352155364,20.0,chickpea
14.194763712804688,13.982956176312104,44.25461387960364,7.763184011774578,19.791101562925057,48.64942621447992,51.40104326226363,chickpea
47.42817453912286,16.089702987141386,33.57553474102178,7.542559288934729,21.00218833987969,51.516652932789945,70.02092185134282,chickpea
0.0,40.16812979296361,20.188864753088644,6.700810130943063,21.022405199049963,60.98926836130366,47.251029707446165,chickpea
44.293118208044085,54.18417386982968,49.72371680376071,7.741989358811418,21.484254982143785,50.60346911121274,20.0,chickpea
26.309062678050772,17.351301070257122,62.564140762467204,7.197234256270299,20.24640961356897,54.41188300832374,50.87204892744907,chickpea
55.4257656064613,20.660259573983218,32.91911182855864,7.027258824290586,17.359954977558587,45.105847272757714,49.25926405903176,chickpea
23.560466632241102,19.61368530189216,8.905238044922491,7.225068328211392,16.990559251937995,56.08044770951682,51.64879505869006,chickpea
8.136727508026041,25.36186384425205,18.717653916141252,7.3457523531257545,22.68090089204629,34.99862024283404,52.30052158294834,chickpea
27.598008066500395,40.07010114675698,33.19794942356533,7.024409200478354,19.361892128666764,43.63179314557209,71.52014277197196,chickpea
30.319674730079132,58.51786028629511,29.09008779278069,7.0374779699268615,16.972571214774344,35.57488258995244,20.0,chickpea
34.00689976517225,47.63087534844901,6.282139469518,6.768511494222834,24.033877896633122,61.17434409588439,122.24441256510849,kidneybeans
43.452589737982976,35.97204028141252,16.632116618770688,5.854455379601209,23.56169336151516,58.310958089378445,70.25640945697631,kidneybeans
28.03114549361543,41.15277824438152,26.62716027287882,6.304999225752962,25.337309343933455,63.53552519655527,68.19201845114307,kidneybeans
51.16398569619405,38.521178015736076,30.282744344172716,6.712464326976967,25.466432262527004,67.62509307130595,95.74248330403648,kidneybeans
20.813439380393433,45.42255287809152,12.844106890190073,6.532567911732957,24.933540018711078,58.33506514181968,87.42924977122138,kidneybeans
1.772264317535413,31.769126383885578,31.39267351711672,6.54795691759922,22.944649718148085,70.12566272691761,72.67650303570998,kidneybeans
44.541858007901055,46.40791542807527,20.306590352342955,7.032593267782854,22.61272633648704,67.35323338888001,110.01164636085957,kidneybeans
19.940696863850327,60.88697950096493,26.24930228101571,6.586608088783957,25.52064367754244,58.92553006823562,106.21616546319564,kidneybeans
41.902330808283196,13.772020401427287,49.56510364317229,6.001252403589298,27.065092408683313,69.01364109462067,68.18067139569604,kidneybeans
23.83778568068123,23.414429972710963,26.77618454566897,6.407589714744278,26.55932106453868,70.48246996895686,117.91367621579911,kidneybeans
21.567479601325466,36.86167189383208,5.0,6.258238980051144,26.929703266194917,72.92466258838586,65.31302256240156,kidneybeans
21.113036112706588,39.603913645616096,34.2024173822941,6.257118944023506,25.84812208892818,56.20928522343267,89.71095458243441,kidneybeans
38.194263720055496,40.09633404716407,23.45421164210147,6.467117058822251,24.82327408158933,57.03991176094298,84.82407874665795,kidneybeans
53.979707557570755,48.41379171911858,25.567795229562595,6.709086321353221,24.33236102048798,69.38499710069313,97.39284384396188,kidneybeans
28.390467839936566,46.715753887154165,6.436857718972512,6.161969759327058,22.61214998720189,61.143544758109655,124.65029998970184,kidneybeans
63.469502192889486,49.57076652161136,37.51266712416685,5.959682679754178,23.914652400531956,53.69772998473409,77.58304803497768,kidneybeans
27.477842721228157,32.91864133454309,5.0,6.72437307683526,22.85451394852039,61.913974912889195,131.48165339499946,kidneybeans
16.209231126203647,5.0,25.70993667179834,6.830287890499571,28.916694908441187,50.16360324438067,99.93398446473043,kidneybeans
23.0203431482992,38.410774685437964,69.66515020525551,6.049108901481454,25.50747932298915,63.74154537412347,111.71572649878695,kidneybeans
31.469747302063432,44.62075809256154,24.125271488673135,6.580738082373532,24.31361544900518,64.97257511884841,82.60779327912732,kidneybeans
35.65650590853279,39.56105779472532,46.89075376158252,6.484581882923454,21.453935063586236,70.09537200571194,71.88535398274762,kidneybeans
20.193504920267703,31.065080589347616,50.61657139756226,5.859297735806392,31.27549706731999,68.44845447252841,94.4647782825832,kidneybeans
29.176589990755705,44.28331112286485,37.81683642569008,6.693564675785017,26.111208932006896,60.71664545004199,86.05323159385348,kidneybeans
27.730900745197324,37.07637579470978,47.00655145300597,6.678067016684259,19.11922273067144,65.24720621223808,93.8947238943755,kidneybeans
29.719368653311538,34.17222320366671,46.8616907997902,6.784257938636857,23.45424466435278,63.25641829699628,70.56686530917428,kidneybeans
9.305727528166042,30.599241631150523,42.93590208574138,6.785937513612826,26.026170840194585,65.80076629478398,100.32356574229917,kidneybeans
20.377776071655717,46.47883817010911,42.00614287841523,6.726287398944073,27.377826742949285,65.66643077760851,97.02896415083165,kidneybeans
46.052253574746416,39.6021811112641,16.771880231584234,6.451079910816871,23.5101947103871,54.598573800204946,87.10962658568964,kidneybeans
18.11370118500058,35.38057705541439,5.0,6.563988112211882,25.00241095072445,53.463290951454475,103.1849133686481,kidneybeans
44.06355206439838,15.886602034465387,18.559128321506787,6.26925729506381,23.12019379778227,66.63579873545399,86.12347722454393,kidneybeans
26.032277380340837,9.942064533898698,39.5312704531384,6.1282224815439585,25.119865260532656,62.21901550366553,117.21317191677302,kidneybeans
10.36769401321332,5.0,32.75774317130542,7.040153354453256,27.477892705878876,61.677275322197005,80.16727628735906,kidneybeans
42.10683894955966,25.396807004432972,37.14536654034329,6.651641047749988,27.12041981499776,82.07728031128862,97.84831934357534,kidneybeans
22.365545614387518,39.616385317120084,5.0,6.291586060673283,24.18143512377379,55.80729281652326,93.04709744067443,kidneybeans
17.66370101426699,56.81546000986707,30.003105973772957,6.497209903658415,24.344210566974166,61.241525470871835,106.5019652933527,kidneybeans
16.993046764336498,30.12825266387115,25.44410956835003,6.096238722958035,23.361484280557004,56.190233011642725,107.48778361425455,kidneybeans
33.938419935028875,42.90384867051316,42.763469432519585,6.458788463480181,25.78092969985778,59.17422597654003,95.30724698799257,kidneybeans
21.25862013582627,5.0,27.98581256720544,6.926824440829982,26.852430804483184,67.72317987672936,114.72261443612436,kidneybeans
31.32986386442156,42.959735611083936,20.735221568484747,6.405178143191885,26.231542299542284,69.63107549735054,87.21107448638001,kidneybeans
23.247161027228827,40.00791938284896,39.01810123393672,6.066843555159937,20.407638093725524,55.59570520406733,65.58575148171683,kidneybeans
22.37789703529034,37.78329521773793,23.201273864654798,6.935740260341223,25.65348952920464,62.40379487688663,102.44414288086804,kidneybeans
12.917503233288464,55.58667681130403,28.8635357019681,6.701144185172364,22.85628553391969,47.56992987187149,106.35779316050058,kidneybeans
35.64614289146275,26.469226684637345,16.955053780879584,6.837630435324431,22.621176214265343,73.14138362604771,71.98758530704262,kidneybeans
39.57587888412574,35.07072286376523,39.047811466235146,6.336765799365742,24.67441418785541,60.327353403165766,69.95625088437055,kidneybeans
41.11236518130189,32.30179650292622,26.57100126989972,6.201695187617446,19.87533268240938,58.47177789919865,138.2523084322583,kidneybeans
41.769064318470356,39.71109430398408,26.056637561875984,6.506739767843614,26.09423823035042,50.55349747752924,112.28643389337745,kidneybeans
40.73071973161866,50.772785885619015,36.57713608214591,6.505884997308197,26.34572247193364,64.73451306993103,82.91918578117952,kidneybeans
21.395973406546485,41.527844428929804,53.23530227242781,6.12826787730383,22.06494946849512,61.31808672989214,91.01775403712035,kidneybeans
32.60012496555612,43.659297968627506,26.651966180477924,6.946959031580625,21.798192043046967,53.37202380175803,87.93490479701906,kidneybeans
5.352167832687492,37.362183933518935,54.922052485920275,6.506265946488789,25.461401811437366,49.91868187861936,77.67277183921045,kidneybeans
24.372054295140945,35.23427354865649,49.22465692505653,6.667307318217538,22.777084086125935,61.97203822745604,99.9644349699357,kidneybeans
47.102235577819,63.708110298525604,14.77358712258197,6.256742746636899,22.48484428217077,58.12784112714415,99.32716748892669,kidneybeans
44.81001774883653,38.86073464536216,25.20228715117734,6.545527397674622,23.329714196739953,76.71630977355818,57.846779457638824,kidneybeans
32.77110868343587,70.35409328844459,30.101997668399967,6.442988289499552,24.285109154379146,58.55686654590074,117.45696949353061,kidneybeans
0.0,63.00150551944488,8.640642713247825,6.4200043012296755,24.141511159402675,64.70842615816576,58.03751296232505,kidneybeans
36.93258999122914,70.36464434930278,9.552389931107843,6.556911850283119,23.67603564440678,63.40709764954428,90.38295554831504,kidneybeans
20.377696364335357,47.31808427306611,57.06522164680115,6.44272886248181,26.439515884296362,49.65381633703069,70.87127246363983,kidneybeans
37.08609416820566,62.261740428039474,35.3342002317849,6.406082590843054,24.99858281084671,49.99673812824226,102.09030652710733,kidneybeans
43.234995934851135,33.218645007503795,22.949367783607478,6.579763468895615,24.12656052791881,59.47093908299342,131.99443578333032,kidneybeans
26.29461448881005,34.62489771968167,20.286872915472614,6.723257591449981,24.637551653563794,54.805015693428594,116.42608064546025,kidneybeans
51.29404506770456,30.993646513919423,5.0,6.802254106951077,23.630740348479993,66.32500479330216,50.59792364576329,kidneybeans
43.38896007448964,21.83242106078828,40.96146178599787,6.50428192035093,23.09212116120671,56.74370949658576,103.72636913913402,kidneybeans
31.588416796728513,48.766194707087266,59.64660876773228,6.030727516486684,28.23442514993725,60.8348475001857,72.02431903353744,kidneybeans
10.045295613915151,37.163194138344494,43.82475167886689,6.46173526388674,28.022309860494694,48.39059447958753,89.7582210430789,kidneybeans
11.214098333803214,45.45447823937452,43.30331085145951,6.373771461895684,19.791572286745733,61.59158517437196,98.73477103467019,kidneybeans
36.06442132442547,58.53673287733231,13.934194805264266,6.704064831635135,27.38501502495595,45.771299327947865,96.39303651837955,kidneybeans
22.437302534884928,38.77715990347531,35.215147253075045,6.3538314307659345,23.648583841676775,60.273219339904195,68.25508122274394,kidneybeans
13.71262306672222,50.19059924434755,12.768089472620158,6.699893750272763,25.9251825857079,46.19354616967523,76.4487069532869,kidneybeans
47.91164104571059,25.282517032904778,23.033936065359185,6.638618267975569,26.56678101856519,57.987688911644035,78.04979610616716,kidneybeans
51.33554792547761,66.08349495696368,44.68287076172693,6.525595442769507,23.383468556718146,53.35644474754748,100.45028210531515,kidneybeans
36.275973313330255,61.023978894196446,39.75675138804209,6.049075909472054,27.103895235445837,52.0155149814847,82.32057456095296,kidneybeans
33.75300309377542,69.93501234675946,76.64877834008041,6.682016917740855,24.633606762559225,64.2760451878444,107.75310851747672,kidneybeans
25.189985616642126,66.92817033868484,33.45106138787103,6.649322926727418,26.331848504108923,63.372692884915644,106.77881000939225,kidneybeans
20.741202201796153,31.625473690809542,13.497686505424575,6.6318503691860675,26.557873007024227,63.662182929215085,123.48984866695075,kidneybeans
29.916059717564302,50.03112483388769,13.624486857910284,6.383870089257679,26.391075515131554,66.79281688594516,84.12066104671635,kidneybeans
28.926011222129,17.23189379978786,24.644561987900858,6.7671149490559355,26.15041003221313,64.00532577104968,90.9954737436192,kidneybeans
30.10594737942265,30.095182907898295,40.482426303038025,6.626291883316817,25.9840376959856,55.79172125865936,46.93314160257511,kidneybeans
46.45729067630543,32.81743815987394,17.05836353935319,6.708043673574198,24.21597472016174,68.47949107237298,102.34011899153396,kidneybeans
40.253539848007165,19.510664331991986,48.179159780796006,6.5783751593701565,24.261445721507595,61.14710773873801,54.475295342033604,kidneybeans
36.12979217221006,24.559427377268925,9.709945712346983,6.043292244134633,27.22537674997985,54.96589285045769,120.67455419832999,kidneybeans
21.962978054215533,14.3896306361058,13.252133400770113,6.870743486002081,24.688203644126666,55.61370162807519,93.20036451705576,kidneybeans
37.52674104251317,56.76098223853691,51.72748844839389,6.392069406263274,22.347904627835923,56.69227871101379,95.20561013165772,kidneybeans
15.543616106840837,25.642736276574357,35.15681822324828,6.485404294528864,25.065593990823174,53.932037322399445,85.39198571588466,kidneybeans
16.136502835975435,53.3529761668718,45.52874002085629,5.946143641328572,23.14097827961518,48.027765959279364,76.99952131186204,kidneybeans
28.748430453144586,18.25532170452205,16.172102803120303,6.198812788375551,25.414534658797887,60.554754696290004,75.56524893325494,kidneybeans
32.65231308209097,31.799798731191018,25.9251733451092,7.002035627089561,27.680922103580695,49.60335010457922,106.5946483575835,kidneybeans
42.170948317373885,12.776050668710724,52.28166465632291,7.2113795755237655,21.754910387511174,57.65997743188589,100.35322933687004,pigeonpeas
34.07242966238472,38.27214412859285,45.10883824600745,6.867208776278443,21.347055743377833,73.37854165297159,103.39179984855548,pigeonpeas
26.559138838979585,29.347845752792065,17.03338746166417,6.9042764268053505,25.144114883428287,64.50247186400551,102.48706719741006,pigeonpeas
24.988841535300892,38.469088888404,24.705034919618264,6.742934354737729,23.651291484194328,66.80246337632754,72.60946142333283,pigeonpeas
28.027911064924982,42.3907075716226,33.44853644142674,6.268026869778396,27.499167808410842,76.0516326295239,54.154746097887625,pigeonpeas
40.34561707867792,22.455378441729852,43.952308229965894,6.838267238704048,23.531184399367355,58.72987467530883,66.18917895367481,pigeonpeas
16.257121267781365,17.52266687654333,38.99232564925967,6.535272003266774,25.36410413142524,76.89796924268742,68.39893517259914,pigeonpeas
33.591067508030655,37.49527665454401,47.080034063789114,6.772786580374826,25.485364836719445,68.85799162144525,55.24675155345405,pigeonpeas
43.0373409658391,43.30936255900113,28.550708437321276,6.761381350634281,25.36665798562214,63.32548944336511,101.45956095532023,pigeonpeas
65.45808741929042,18.210209510475266,19.284330952693377,6.841145578681463,25.443125010252288,63.15306900924185,109.06521326642068,pigeonpeas
9.920913004151267,40.393779345474165,30.9120876886166,7.265813371862189,27.985030706336236,58.86674729773322,69.0088572818284,pigeonpeas
42.89381830469703,24.19304025315728,39.318831731016424,6.757616526162723,20.160653687604686,64.8892980312461,66.20544451871652,pigeonpeas
22.60315766400342,51.65448005203221,21.152396585811154,6.993961556024393,23.442074139336384,62.76191865203332,95.80743792103422,pigeonpeas
35.10076941853336,38.55919495829296,54.52276990799292,6.650607485045003,22.7755265309845,56.31879578753762,63.4917894004209,pigeonpeas
74.23641637963088,48.6701937110518,19.73388450687968,6.353262612976929,24.963732123436984,69.37811837902373,90.9776767063473,pigeonpeas
26.17566309669453,28.118186099956496,44.91819286239036,6.775767901887999,19.56139925450493,63.16160295539845,62.97187131479373,pigeonpeas
32.62817128362768,74.77888503905115,45.51222498211457,6.655941094148281,25.843603003954506,68.8615030976737,88.40188980903683,pigeonpeas
39.10275889823507,60.848153472443116,23.036673470111264,6.892089623043437,22.147237740036925,69.44410117073798,61.626269770278114,pigeonpeas
23.739497795923732,25.573651286431407,54.63725079017064,7.025536333182724,21.50856524710723,65.43947288799879,65.80840290501655,pigeonpeas
11.122426339869982,26.744744243634443,35.3727581731627,7.478014945903657,24.86591965072139,53.9790599939661,68.70451991658115,pigeonpeas
45.32074943144097,61.326641593048876,16.210250316430624,6.186022684458287,27.741930350743566,68.11691341896723,62.63414536247267,pigeonpeas
38.01943629183653,5.0,40.050632598957414,6.848346351852926,25.84854027907566,56.8888323816597,81.71374322806719,pigeonpeas
16.11863060910619,33.830756335114756,26.569805164554637,6.627569748251934,22.00836921041954,70.20908993458926,97.16902233313331,pigeonpeas
26.480691450638794,30.573569924400424,18.271128780496838,6.660097005597964,23.89959076591651,85.9663447282398,57.76065948451673,pigeonpeas
51.96265858128656,44.952881601987116,44.20954606735204,7.27758614525854,24.744210945213727,68.11327356534343,78.9375869396491,pigeonpeas
48.35353323627941,46.447038507163256,30.614840687556814,6.354225841620369,23.594038725208687,58.59969148481883,78.7295085076929,pigeonpeas
48.56157202026209,23.14047517369815,39.35764928032638,6.767406820442519,25.69686176441057,47.02488532812316,67.86599410469407,pigeonpeas
33.16925538419209,48.00118434640292,32.621463287406925,6.187034188187438,25.23942289193227,59.917100889394966,56.20666681819277,pigeonpeas
20.63481915430164,27.232119635162256,30.928830031926807,6.088330182870279,25.794132393774266,75.19900033022978,93.03043982679011,pigeonpeas
12.93471494362775,26.97762699078723,39.90218027155813,6.929638316868573,25.33668097743616,59.12660960977203,81.63991112827121,pigeonpeas
36.85920606922862,51.8373348322015,50.56759809737085,6.986717006212656,24.16765325585872,76.28367316162803,88.19525591918995,pigeonpeas
17.083681347396443,51.050549551877864,50.46854908808541,6.617086793661455,23.041014065201512,67.3726043611261,89.2636959053517,pigeonpeas
32.9593839844681,34.66963010164327,65.49936061864571,7.071462945670466,24.38127118253005,72.53048464613987,59.34952192944921,pigeonpeas
35.968905749202136,57.13959524599665,36.729311569114394,6.495709821414275,22.695822222813877,56.2829357012609,64.30476183744594,pigeonpeas
24.442378521149564,8.916494712320368,40.234275009244044,7.0206831521359945,22.18448763970616,77.15427138913415,90.21584177055189,pigeonpeas
45.45870878436086,20.132481692217944,52.81787840599924,6.422419829881406,25.780495001673017,66.37471471834824,91.06502439969567,pigeonpeas
12.366080915627226,16.57395236585093,48.958423273800776,6.46549559873274,24.926412584198246,54.062897548318034,96.96348425333336,pigeonpeas
11.512150278472365,38.28449906519285,49.38446400469002,6.540968454471128,25.164053134169453,67.08353810666844,69.22316287614524,pigeonpeas
14.871679738856878,5.0,45.244750709495406,6.280559168591384,24.190688398882617,62.892414271342005,93.58285550876391,pigeonpeas
25.469317507652036,25.05828320479363,50.97806056432444,6.850517408725235,24.632311914365555,68.75414071846821,49.28855753585788,pigeonpeas
41.35183019980473,39.187031910204034,24.749753071352544,6.67677585789774,23.921385424744738,63.92402572478614,86.67719933137069,pigeonpeas
51.47050172746775,46.22650091509243,20.316712098528907,6.936620997091815,26.657866639070818,68.09446816551362,101.81960850371934,pigeonpeas
60.18405668551148,45.35564319160472,43.739628934625934,7.063526542225426,24.289775666193783,65.19122434627964,72.97171528572535,pigeonpeas
53.45120038248162,17.723570010869977,62.98551587017174,6.899959237122111,21.201387650396118,67.94119434393137,37.99946984696752,pigeonpeas
39.382620252465536,43.278472244834866,31.114660665219198,6.787064308786674,27.90831486750057,60.954026365904504,58.82184825886799,pigeonpeas
52.22495103693898,59.43880785796192,40.05543507771771,7.053438910622507,26.68295183106176,59.060126139692926,70.29388329264263,pigeonpeas
48.463117697321024,55.27521418062764,48.44321290261532,6.486055693949384,27.974122223398883,60.752232817504286,73.29724437657096,pigeonpeas
35.135067517344325,53.31240631072161,52.80963964828335,6.874459650108573,24.926577060236212,65.34811734914773,91.16279029037013,pigeonpeas
0.0,25.550888113953025,43.61982902375171,6.404695774914148,24.77264663562312,63.36423023211103,115.1095139663098,pigeonpeas
53.59529587822284,23.01291646322756,37.73743432649957,6.727815730317483,23.096681047680754,66.56019987222501,64.8343586222482,pigeonpeas
13.040769975937106,39.34066835850403,49.442943763327165,6.508705272102002,25.7907108615252,59.947378166677346,85.06330476075962,pigeonpeas
42.30516018918684,29.495811529444303,46.821113682117016,6.595071106833728,23.607066833143804,63.353124552957276,65.06843306919522,pigeonpeas
27.34838755326327,6.7707255170438,32.63269379286843,6.6645373519890985,23.48764049500924,63.068020433033766,78.76471600279743,pigeonpeas
37.19162277129096,43.11775611198784,30.25352159727599,6.389039743383257,21.915911175513795,61.10237663044058,72.96157364366982,pigeonpeas
18.450059007038142,10.558250036251582,33.15818758788718,6.804427986034192,25.19005893167113,60.54061557513343,71.74004355713132,pigeonpeas
16.09952536729034,29.528412444378354,27.273570487137782,6.92193834397236,20.428267016131777,62.1229626203803,86.02214678383484,pigeonpeas
32.757517744837564,70.39550495970745,45.24700036851861,6.448783620947397,23.809071505821855,50.79002933226839,78.38800501406479,pigeonpeas
17.50415914498862,43.730854133402424,31.756895881066974,6.714970225261426,22.728884317191195,78.91081081482665,73.57514467764176,pigeonpeas
57.48835565218803,42.212276431774,47.231000910030794,6.860619944195256,24.787594596432502,49.57861936523512,74.42233211698488,pigeonpeas
42.67736956776483,29.266542247888417,18.922152297946376,6.734278664826759,27.408211032510984,74.97513372427775,78.75991981267937,pigeonpeas
44.2717391558713,24.50239469447922,14.441926197599216,6.472660203561134,27.125777537016397,62.80805534536557,75.13232041249964,pigeonpeas
25.50242705587679,58.56204884359511,64.38938373043095,7.41563407003444,23.681909579199896,67.36499590997676,49.66714901158418,pigeonpeas
52.15401639177412,12.483306730980974,43.251633456439436,6.420809241710147,22.822266346522607,58.3019005516024,67.84249478648364,pigeonpeas
21.91315945276532,21.775968076123846,52.50000867670461,6.418541162081244,24.441082854027734,74.74367321844447,69.73607270973208,pigeonpeas
19.231216638785973,26.542130622296238,57.69587812541065,6.808232289286007,22.937571410784802,68.87101320950431,57.95415700327153,pigeonpeas
40.22039265664422,36.12910961552652,35.38287293291674,6.498424260465831,22.226638155433086,69.27853869076728,104.57961004978124,pigeonpeas
20.440383794568078,36.87580055327226,8.694594720968968,6.57461468080284,23.937882134258196,57.722532664145334,61.26987250420808,pigeonpeas
19.983306652966707,34.3828909248956,37.19006472390438,6.078530630002509,19.758599694729867,60.1450785771426,89.15373172107104,pigeonpeas
0.0,22.50404735772554,32.106282152238684,7.166501333462534,23.229956376574272,68.06391187792742,82.82514280174927,pigeonpeas
0.0,41.52310824947606,43.23094758184432,6.902480591902377,31.852475412872653,48.32709648401129,114.49393299522217,pigeonpeas
25.688287208994666,34.30993356604514,39.31731632048137,6.622729099980587,22.860334143522483,67.63606988458407,49.656526066566414,pigeonpeas
41.258687512826484,23.75708392672119,23.048959914394633,6.614996142601256,26.514298433725145,60.71731930387021,87.1690723641924,pigeonpeas
19.035655864267902,41.368827748854294,50.282616081853064,7.304582649988923,23.64887210900157,70.34923843806325,81.9613507907789,pigeonpeas
49.438076727945216,19.217514185869042,51.17507969315922,6.691590811164995,23.871623645783004,65.73401987558698,85.04480792853354,pigeonpeas
28.256564353170628,33.22069774755789,63.67177086343277,7.045634905684565,25.738309184993792,61.355683791809035,62.21518343543352,pigeonpeas
44.32950837356629,43.14070188794692,62.090060136264725,6.568805812209231,23.540902689279307,51.884126699796525,72.15057787878254,pigeonpeas
44.94855765869171,23.00256931157703,49.60719692801236,6.6928490682006565,24.64811405644312,55.81846888147466,81.70418899267803,pigeonpeas
0.0,27.19655762757023,15.542901344272899,7.111798354964045,25.554814705529022,68.73336785572864,110.4201245431876,pigeonpeas
15.766252187627442,56.21044796873338,53.98287346390577,6.679033413834317,26.27124029436589,56.14965190070693,63.50971676944653,pigeonpeas
20.871154151404493,22.065334379039772,24.15163535859621,7.116924920128597,23.482291199260338,67.82003974685503,68.59297267172639,pigeonpeas
2.6909504917722415,34.05086037587133,11.316175368703348,6.72940978617436,21.26336992233438,80.89820799384647,98.22725444349443,pigeonpeas
31.586306869072207,48.95560016482003,27.305260338013962,6.9130438136010275,24.399620867437427,67.11216065066937,105.44707000213535,pigeonpeas
40.98738154169703,34.330854942375346,15.176688456575558,6.461986111416161,23.75458213280855,65.74697899421321,57.39592550652152,pigeonpeas
66.17515013367631,52.74591082880359,49.03177480588725,6.7716110583851234,23.575582060197696,57.384652319822116,81.54961037037725,pigeonpeas
33.86628810214126,11.373591367775635,45.01264625867346,6.703422285352575,20.18438488424522,58.11691991376399,71.72788933156711,pigeonpeas
58.31531486010286,38.34829686800637,19.96777646350163,6.895810886825291,20.90539202212327,73.66152843109658,70.57750696364243,pigeonpeas
28.595457168912436,49.88694971313285,10.692546471236252,7.0808645444661025,26.332801347307992,38.307030808154536,20.0,mothbeans
0.0,23.23261712386502,38.27611199866381,7.860078524921649,26.5736772758292,26.70858714307198,53.078014685114944,mothbeans
1.9538745045686916,24.172188372254862,32.856358348875865,7.63476561638551,26.480386613618236,30.27552809364673,20.0,mothbeans
20.126273814992274,36.80263068831701,15.265589486179806,7.5176952664768795,28.393745001605396,27.25960639313788,33.40927541993142,mothbeans
15.559011520730817,26.9008308045593,39.15324254383834,7.54709188829053,26.32693746087213,31.793731234326344,44.29219581273236,mothbeans
0.0,47.386110974338465,24.95617891978392,7.627646979972069,29.894493847290455,19.026610422156274,20.0,mothbeans
25.67176956186443,18.243697183133577,56.02404863755213,7.242968371851962,26.38890644102627,31.635112252823813,20.0,mothbeans
24.064789323656044,34.761798918752625,25.007093934262333,7.471983942330016,26.44133577510326,17.884237526553864,36.43186422678477,mothbeans
56.323996074708624,30.27602446175157,33.378961758713245,7.7078168265350575,24.961339006906602,43.620117265036846,34.04657592845604,mothbeans
54.477853486336635,19.00450506714016,57.27092883836737,7.732546648210435,28.60608017170472,31.872195634825182,25.029427638511013,mothbeans
48.00797487710809,32.105398047720705,5.0,7.1648440614879,27.128308495614505,32.47999186532444,28.868230222002083,mothbeans
48.28456184690495,5.0,32.1538190475774,6.954606232383854,29.019424590968338,29.244330284463977,38.392199440482365,mothbeans
17.04175559115351,49.191973974866265,45.62586996088277,7.675063290903566,27.240965506273117,34.638858282361056,20.0,mothbeans
42.83333488531068,54.74221341485881,46.05915839968779,7.281119259057777,28.222834634546206,19.654867649930818,41.44780622351352,mothbeans
36.75905119293808,5.0,12.573242341314543,7.41505833097687,26.898280505718347,20.32418451664956,37.779574587043676,mothbeans
33.77210413410768,27.08596302032221,18.663127497624558,7.814612137924969,30.81081422617659,26.131508129227704,20.0,mothbeans
37.36811498117994,24.629559303795205,27.909041990051488,7.721895945517401,23.681287824985414,40.546418598821354,31.453610486586825,mothbeans
23.827602831567297,28.661487686678267,29.43644032530778,6.980639608966523,30.489876454906472,30.33060505816495,38.8600426089475,mothbeans
44.27324655861064,14.682563136595498,37.10207848552842,7.419707672730362,29.193541550432986,14.0,28.01811399517462,mothbeans
20.957690163240578,36.483944259512334,37.05066281052303,7.287712231553392,26.07565227164791,29.114677051541364,20.0,mothbeans
42.6297554317819,24.461891993288308,5.0,7.387553383013458,25.422912358312054,16.949793476312436,20.0,mothbeans
31.641127077494552,49.92961242372347,34.6977671079747,7.318048983535278,28.411808390341406,26.327277518248067,20.0,mothbeans
12.684559976505234,5.0,24.15114440160832,7.547416046976039,27.306752659970222,26.67226457642113,20.0,mothbeans
39.12369287527453,10.243021200801227,41.64041870765213,7.199334894321982,25.99512952529393,18.265718475074586,20.0,mothbeans
44.62968687716968,37.734421326659344,44.676331680420525,7.656642763780181,25.29266034293926,27.353686205379542,20.0,mothbeans
49.95862356058561,12.048170303605328,43.40546534083666,7.767886161032631,31.159240403432175,26.722507258964022,44.24644319160324,mothbeans
64.22477754808264,20.73537484599455,6.974396287014606,6.935996989827671,28.925424057722662,14.93479833553133,22.553618941241545,mothbeans
36.55969780558441,32.777633052448714,36.381672962762586,7.566686956740257,30.057731626626786,22.381468954089623,20.0,mothbeans
18.41010832093764,42.45287717793915,43.50597882592595,7.635367595795552,29.866987333779857,20.575673060988954,63.34448223102274,mothbeans
52.84857932568387,41.0343299586862,56.7269836315659,7.003013037696668,26.451103727474695,24.117572314544383,44.42958647514686,mothbeans
14.247888905967816,41.36242724006228,50.5580421599507,7.7085608700252,28.067502047323003,22.09701327279401,20.0,mothbeans
48.74428357945,41.69023505857999,29.41470720933684,7.374627136270233,23.448384253777245,21.43318065052449,68.22838174279447,mothbeans
10.793166434962998,32.84219731831621,45.11165959792798,7.123523199599313,27.869420949562166,37.50332430008524,30.249986438145008,mothbeans
73.02604583500153,5.0,45.88092794825818,7.4481594787810605,29.04384030967335,33.53045721359397,20.0,mothbeans
33.434945886890105,5.0,39.04871250857091,7.589447539797158,28.777320337286206,38.4649466006972,37.352396804194214,mothbeans
32.221341296974146,16.783974950080616,19.316688545264235,7.856020386053199,30.372670811411957,28.09511650950357,30.920054945065484,mothbeans
16.43078437509351,47.59135267901168,39.98125235537668,8.082365230939125,25.743353845640524,26.97593680785426,34.62891845051145,mothbeans
39.69734306588656,26.764985436785516,16.905583643194493,7.7644222586770715,28.942270725091163,22.6698071954902,57.10885602210992,mothbeans
47.552980637949055,32.014447458716894,31.193967935640547,7.666217331334773,25.776593859487484,30.24025183331266,20.0,mothbeans
43.14683468254403,6.577601663372111,52.551297426434985,7.400963971810065,27.076666036137645,24.978128751323954,24.239222521558474,mothbeans
51.27797017722055,5.0,49.15448079132282,7.601407044330513,25.085956704285568,21.397500855606097,63.527860544164064,mothbeans
15.817396800859033,12.69974234106061,47.05971813547094,7.601565862885774,25.624148846927202,31.73299980323695,20.0,mothbeans
46.512320976339076,45.920564473097,37.98009298232915,7.608498318374105,31.022376249734748,29.997490619105804,20.0,mothbeans
36.74210869248461,61.290705743056705,14.778607602212219,7.391561169991804,28.332892076202906,29.568761207954086,20.0,mothbeans
46.827867843457064,64.80061083025889,32.94197188535861,7.2287795130792,24.40207894989305,32.06380784976945,52.07754686632515,mothbeans
37.12751619743072,29.96394238621719,21.160925223160408,7.172350910184573,29.169502652649765,37.31017297108468,20.0,mothbeans
53.847584672710255,38.611068313410016,50.9939196771869,7.097361675454465,24.768351689169123,28.808245521861625,40.05568853790388,mothbeans
56.94541234390445,40.591183707226975,26.3597808478195,7.192089237700232,29.9600011454383,22.28235659399428,62.569371095446435,mothbeans
25.73423025590236,53.858731089267756,40.18396935088917,7.4589013531672625,26.46120725634775,27.27273698123136,38.56633384750475,mothbeans
31.157347443265753,21.09282887896942,27.515528845235515,7.523573108915745,23.242531811170377,33.665344918309586,20.0,mothbeans
12.700013951913824,5.0,5.0,7.093365749066313,26.081958084739018,45.626073100212544,20.0,mothbeans
32.66625159402047,36.00722079759493,31.96597779323773,7.476766961782202,25.10941247280151,41.6074203862337,66.1439328727577,mothbeans
4.760119588159714,14.639571136704307,25.80284486434491,7.210638661526943,28.51193110691173,24.173822380747097,73.30112135613206,mothbeans
47.858228915153944,33.18861045948322,45.40479394979599,7.831770127307193,26.372105023883513,23.47026204366428,31.56286125939295,mothbeans
42.92454186746916,32.08590597980127,6.345052767135041,7.259152666814748,27.352054272811245,29.39467516539336,69.45084353579617,mothbeans
9.21018086401503,37.58383862753812,52.33669662492434,8.181434923626838,26.691205153632076,33.9314356217616,41.39520714397294,mothbeans
32.93222597329936,28.517321981410408,36.539630842500685,6.740326174434094,28.86413898012526,31.009423229295738,25.550502064434692,mothbeans
60.70293293579337,19.875989718141717,23.95386016402454,8.09746599066142,25.835877390300286,25.599077736507688,27.059491531383,mothbeans
42.61101723194324,33.117037610299704,10.610619792716061,7.340349431061843,26.285291133575576,29.382231638215636,38.51687317259658,mothbeans
36.27308633831958,5.0,45.95911481341284,7.575770653798987,30.26906409518781,33.553586618325376,52.02645915471524,mothbeans
36.998179671751906,50.193386343041226,37.833759540266676,7.470625426067129,32.04486944089376,37.11229697823914,41.47488842008826,mothbeans
10.855433751924963,10.675385738046934,34.3907322321278,7.543656359330472,26.27175486998337,31.12786159689648,61.772538560871915,mothbeans
40.43103711825448,12.884872353708925,28.327367592855843,7.258510055744232,26.724600167182878,26.69107467496286,20.447088347919895,mothbeans
11.172969420399077,28.085179777227147,21.59088544729035,6.62116539299932,31.605944049003327,38.710157233733376,22.473985501500078,mothbeans
30.282285746108975,12.425184790236575,55.43584316716298,8.069186608431934,27.81338745649305,38.188245153482754,33.505735578678475,mothbeans
9.94911841686104,23.82264946554514,31.978919501579355,7.363635684376967,27.062693445129927,29.268803539927085,28.382430042690775,mothbeans
30.78387735746225,14.090924004050986,19.244757763080955,7.114624720290009,29.4556310993724,14.0,53.071806866338505,mothbeans
50.79524095894265,25.467291195260678,5.0,7.3916068314098125,27.37163167742236,21.915214240568694,20.0,mothbeans
52.95292798295027,39.97390743452611,16.1315382843285,7.0207202491213705,26.845965364780458,28.292345765196494,39.92398374726633,mothbeans
21.970249311485116,37.67249363042792,59.027310600903434,7.744650306733279,27.403822985338454,28.534796231573644,22.866537316402574,mothbeans
47.70961368678217,20.590298310730457,30.67834063499974,7.515359370564326,26.496431614376935,19.020275616927194,36.45949007235336,mothbeans
29.084940422169247,37.50360704154855,21.995995403412497,7.866246389643914,25.74645243757631,43.69632227214314,20.0,mothbeans
36.52155096835337,37.131460237899354,18.066643980886766,7.627318181358304,30.059037339520316,14.0,40.054896149816294,mothbeans
0.0,15.515027947151879,54.437495473514176,7.325465389982384,25.152240071182057,28.416498168122544,71.35812676327104,mothbeans
2.524766291909607,14.230351325409833,52.461475247694395,8.05731070306132,27.29313755141943,20.087578379786862,71.91687003618318,mothbeans
53.91663587623795,40.18420481643349,17.8139647659387,7.485291197748589,27.17927983791034,32.646810436924625,59.02002876262672,mothbeans
43.191255617061046,13.839358845228627,50.64744675029307,7.593939642003947,28.874131591717834,41.732326874228825,20.0,mothbeans
29.462616319403057,22.028181729611774,6.482108619518161,7.604012993281476,32.523113103168846,15.279378043953978,29.354387779010594,mothbeans
39.6081440261216,31.846173024842717,28.303079212263896,7.110235090966253,27.965573485880327,23.94588818387259,20.0,mothbeans
47.91888330770596,44.37578729763064,30.774914652766196,7.568722406461711,29.648636025431124,31.79471725422466,48.08035109522629,mothbeans
25.537766986892247,49.6797560786092,34.81178588899026,7.558215583081762,24.959877822575937,32.29564683441367,20.0,mothbeans
20.42575910207259,17.769365575258185,14.006476021511624,8.137431420905088,30.162678123976807,45.36294001715409,20.0,mothbeans
31.06880624866339,10.597385621938564,19.56457684204404,7.224561904975028,29.97916801288312,26.83016257518592,51.367586673880325,mothbeans
39.061813343827765,64.55458128157184,7.8083366529041385,7.87776997193604,29.792881740801455,22.212969295783722,50.142666729463194,mothbeans
35.042174445393435,26.587856100698882,17.640967695420006,7.284267164565244,31.599624191571852,30.00546255165986,45.64260003062918,mothbeans
18.136509274986704,18.302205806675417,46.229772138749134,7.095127136534541,26.669572464189457,30.272219288577855,32.22745203680105,mothbeans
27.313600724757656,35.937296716438844,40.39283633726717,6.720391263637799,23.028392382664347,57.726759216569626,103.89525723753876,mungbean
43.419707813608085,9.40710822778404,35.27219850528302,5.906532425187557,25.09386980412074,75.18213613396782,61.04214565462027,mungbean
17.485154317626268,41.460446723592895,6.857977271855312,6.310173491034488,26.192882275163505,54.92571321848477,75.28060025578057,mungbean
41.16278565472552,36.32319125304842,34.00227594443103,6.398263316218989,25.74012223053791,59.01013855920195,89.1561121985157,mungbean
22.546019623230325,27.261465384306884,15.150633111719792,6.489497716998129,23.37799827274231,51.087628398704055,85.17322295710777,mungbean
33.1910966378649,41.74310602422859,23.533116456373513,6.6224158540510265,26.101595144547325,63.55819046265276,63.48692634395716,mungbean
32.24045223406783,35.46210444081992,30.10767700361913,5.874056702488675,25.32097924794696,77.70024831517793,72.79921462486034,mungbean
19.078843532170183,35.600228395670975,34.685673156998575,6.8578205496249245,22.484263688182224,65.85104202059993,91.80844122502927,mungbean
27.86780194589181,35.08030976882535,45.44186222397536,6.761694614008535,22.71396137585254,66.56126549404388,78.70622789934963,mungbean
31.09311147023273,31.097954865025418,27.7463551680261,6.857512249132119,24.832564080301577,51.04363097293465,72.12940288060543,mungbean
32.68042075215713,48.43822176445576,39.0464202742325,6.2448394163758865,29.970379833357782,62.11820248782384,105.50781475998029,mungbean
27.724283496341563,38.00038867058174,42.59202756777607,6.865458413526277,27.11473661075645,66.97757600058382,73.69826537611783,mungbean
21.42380937065908,34.989112654862964,43.99692108511604,6.433183789767018,27.130343931428772,71.62093396388943,61.67358161853161,mungbean
17.4461894430558,27.894374116419954,34.614190022837946,6.342629895869885,27.704405357734288,63.39253489214761,80.78894096481478,mungbean
8.461357141972087,10.262762753587392,34.2151387542271,5.860221312153549,27.025274819288143,58.73476924502144,144.86185939189465,mungbean
64.61874375924165,27.278263961287248,28.404944962030275,6.798674454200609,28.406345219836076,46.89576754051187,44.27249069290627,mungbean
20.66947791668428,38.74106374760797,37.453103857613954,6.820931436495155,22.600604943269385,41.47084909624898,97.1602839060429,mungbean
17.577055905521483,5.0,32.175956189390725,6.737952706465603,24.755885735757445,56.33721291054009,76.81275535708187,mungbean
24.441258563988256,9.779293320897494,19.279789845143522,6.656383971504145,25.643357082753,61.34447844773456,60.097030362932415,mungbean
27.277452567964993,5.0,32.67714995828084,6.92865731234407,22.051735735915788,55.31257861345796,86.5821355742026,mungbean
48.79263951641225,23.27663075549776,19.616245061011554,5.909323057275175,25.206876258616212,76.33660832114995,85.54716923929352,mungbean
29.665815312244302,34.83123466150478,29.83361994077097,6.256095688321961,26.64655983135541,61.806092184894034,80.35226503867315,mungbean
15.369509590826251,49.55261897902139,39.97054117999665,6.33412374878981,27.003649707363873,56.01943329291834,64.35993014977926,mungbean
18.604453237795695,5.0,37.073135706273085,5.950656536498495,22.543112337468475,43.395295927371734,78.27860614418213,mungbean
27.74519309592192,25.09955680220454,14.361334579941357,6.148329873969008,25.92873972709315,55.5955845463321,86.3271664307229,mungbean
16.721269708136663,32.71594114156623,49.54917055974096,6.675849740117835,24.17517236356704,62.057591762847416,75.18669650939574,mungbean
30.118202770420922,25.115834217772445,27.534971911719133,6.5636280059222525,23.0132826008361,51.87296938408017,52.229148923375774,mungbean
5.995933432444353,11.74075961669281,32.39193760206194,6.232163745352435,26.027228928462193,60.2777099900205,40.629915731238924,mungbean
39.824633763325345,42.16197968387565,15.0920598774772,6.626057462868498,23.287003525181603,60.781363013986685,54.710031860900685,mungbean
3.103403211981348,24.25774215580547,28.144065805877457,6.380696091915619,22.63193888355488,56.8008075029509,85.38589505161468,mungbean
29.326604548161946,32.7375154589882,19.94827199318651,6.851515374414848,22.64765332689044,63.90048237669375,103.63782185919924,mungbean
37.21362139123343,26.962136594027548,22.075544300055313,6.810826295313877,22.154050149476653,52.23900591696285,72.04884469016557,mungbean
48.564806362679974,35.69651454061344,15.47931362234632,6.406907688384529,23.77135371180741,54.32168806213172,99.57779117113559,mungbean
9.423853061047417,54.1317128360156,42.42344535276934,6.8272585011811096,24.074120975949484,58.80047424736713,51.33696370950576,mungbean
22.130063893997956,37.40482271464727,49.44094592672094,6.1678529549592644,24.26898812602947,58.78960623813982,52.084215956150295,mungbean
38.87023862637601,19.140145023860864,27.06914473234464,6.364415188426436,23.42132298856065,59.943640116155564,75.68780842863956,mungbean
24.422131765820016,19.073075674794858,34.79287006174433,6.996085180547685,25.279774465678255,67.96894571928902,52.19556149693075,mungbean
32.36642158940654,13.539475215434003,7.846126087021478,6.278188577762289,27.383798668827147,67.60012662935716,84.860094441088,mungbean
7.009491601651039,27.05579022918095,34.52550013352603,6.55266086887358,21.312412833038508,52.87745721584103,78.71844471702566,mungbean
38.04436364275785,5.0,27.568140367802123,6.542914630963685,26.699223977032425,65.5428606738995,91.6514263761761,mungbean
18.000892399470988,5.0,24.104208644078987,6.800489547562568,27.786909055048863,65.68439281838228,88.58681645603468,mungbean
35.694594725789486,21.658218798588294,28.0490955966957,7.0007208577479,23.114883988416246,72.9182303256788,73.55943691015884,mungbean
49.88148163642617,8.897774857536927,38.78856301746974,6.278968959215714,22.169465616151626,61.74827233928757,100.18943577191938,mungbean
17.325878421097556,7.514760593123981,28.622328534975672,6.473769401366845,26.096639255108997,67.5967565709159,78.81169637455012,mungbean
57.83254972191395,33.36352116802938,24.803602409896506,6.016529792269152,24.474680959367664,57.30890443671091,99.2060959256294,mungbean
36.937254361002815,12.309463175510743,32.58381579616556,6.701459351518716,28.056062718775664,67.10003173931247,95.21693308622956,mungbean
30.901289919227455,35.824680081351744,48.74257351059238,6.100166780756105,24.301121345566088,53.819450009950074,87.58306237452248,mungbean
48.453332634761814,21.045385699183893,5.0,6.376333776492659,26.826947464034813,64.30103922359903,88.56372495621153,mungbean
25.800100471882804,10.814538956703206,37.72941482436701,6.2497154569896125,29.368193466760914,64.56405766683613,68.38703394892099,mungbean
20.829221289170576,28.605836900796177,26.407471169673755,6.835050132658986,25.37283233948809,54.146946088731774,117.80881370311565,mungbean
30.73962497280334,41.532595139533456,20.87660238832861,6.608934688323357,25.622219982286392,44.882805663230776,120.3055022092128,mungbean
49.35966691383821,24.042070257810185,13.465953893162169,6.604268484141065,25.17339539882879,62.845351588505835,83.83154792388179,mungbean
37.593614839588895,51.7095854908771,38.52154807692969,6.185103350327018,27.725125705424905,73.1249165079063,143.0411346902417,mungbean
13.147589501406031,33.64323019725413,5.0,6.6659447469137625,23.903599403666455,75.38756635859963,64.50770059962836,mungbean
4.662254430491075,22.931043889462206,5.0,6.725329836352193,20.869833907487358,60.22766064946527,38.44376360287606,mungbean
25.19553293195037,54.65067233706801,35.409718371536925,6.24095191851052,24.93759302212183,60.14413497635557,89.45260691686812,mungbean
9.497124550787603,38.88850910770996,5.0,6.3110346342908565,24.02345231509691,65.0666146085699,80.45261705353738,mungbean
8.9165541921557,15.225103112744772,32.98020014321111,6.476279797440633,23.841751780728508,56.15332968390417,93.92335994318577,mungbean
22.23461140696178,28.6786313395639,62.54904882120814,6.072895208934823,21.296314536850684,66.26871731838885,66.42713877411794,mungbean
25.226437083860695,18.28265432803329,26.102997888487312,6.979561433628902,26.60425691723624,66.89778809509582,51.67545888414709,mungbean
12.732693951706963,5.0,17.85928768375869,6.787010955915697,26.033893031496742,58.22789389638301,79.55399432563894,mungbean
19.66671686136892,33.07138323602676,41.48817419220922,6.015233963776859,25.599295375674696,67.45947896763734,71.69799422073261,mungbean
40.51050918180876,72.2198166670883,28.43485810519662,6.617992115001597,23.523885832677216,61.450009300816404,89.20543249964608,mungbean
32.92263510405207,14.70457020436715,33.09542656988176,6.938658781615291,25.897271529029055,67.69589751257473,75.25976059974745,mungbean
41.24850359135566,34.18901757324789,15.73633905469152,6.595556301439663,23.01660667311938,54.93695780092166,83.78656614584749,mungbean
34.45866410070186,12.161513023843064,45.809786567743146,6.671601883490142,23.590543128778233,47.699321628406594,77.10190841837138,mungbean
23.3108442920826,31.697106855795344,24.5532500826665,5.897762941776497,24.223306123397684,57.5550471114535,92.67322049548117,mungbean
19.527004880834255,55.180120100588496,5.0,6.893350249340787,24.55136205824379,66.87667897874844,81.59602968117466,mungbean
47.093333040382035,24.18957053170783,13.520693622332818,6.926151286181319,24.773038708235717,61.77246778899369,104.6950382808959,mungbean
14.520671368583477,38.93236346458886,21.15157865305664,6.460349193306689,25.144557930768578,47.99822510842451,64.42325914359131,mungbean
50.266093386197085,43.29286782877193,29.060406340091475,6.572937037553868,24.411514988727085,70.85266708662385,75.99294844411672,mungbean
33.47763138202272,47.190452162130974,18.339427727311403,6.967636755349068,21.939077180513245,73.0371370489024,72.5464883209605,mungbean
26.359518782620775,5.0,23.178079239334608,6.188058040691935,23.784707309253054,58.901512273688965,99.15583228945812,mungbean
33.11405027100939,34.615149801016706,13.567209167316566,6.235773773119181,28.597450036702625,54.11839172189403,113.12416504114591,mungbean
26.354082016787004,30.03431904215256,46.05547740344895,6.881567726581597,24.778374879441824,56.89405557182769,78.88159102955574,mungbean
35.069362923481776,43.36955530304633,30.063447884912275,6.6856658894069465,28.27671946454188,63.050476898118276,86.23305712009557,mungbean
7.2163376236489825,5.0,35.82563593845252,6.4715527306157385,23.970434650170517,61.94824163349076,78.79192541606183,mungbean
46.91670375950848,31.29166302388467,18.796150723947484,6.797049871687786,24.565737850107595,64.21229346937845,70.45178587614399,mungbean
20.252596717538452,31.26252345278544,30.192429653155276,6.64394811061005,24.462708493380514,45.30912172983682,71.34452232823223,mungbean
41.907277007157234,25.539358811353402,26.30424896228178,6.795912951771781,23.576053545482154,47.657574254056804,76.78737760949011,mungbean
22.737390731268945,15.506305203701189,27.369323161519638,6.647451694174035,24.981422876864368,62.4558485814899,116.26815397030846,mungbean
24.85681707663654,34.17522951967004,22.361799561012983,6.246092084033908,23.830184693164462,56.16993142782649,87.1895159509425,mungbean
65.23613680051136,19.259348455862394,23.75062041576806,6.481063096066626,25.791597697419494,62.10840649563828,105.68191587896234,mungbean
0.0,5.0,22.56182741984776,6.829190056263113,21.86870393678881,35.938941282449946,91.42358812438417,mungbean
33.65485835554072,13.646873898008554,15.216905989186051,6.209076884109598,25.221070634947882,54.98947779053594,89.88127837951039,mungbean
0.0,17.14722202308301,13.109190586334247,6.4230977964882525,23.923904483019722,66.38275023916613,42.81326456679885,mungbean
30.68237214496128,38.37504634817558,57.849711548429326,6.605470208671957,25.648917208705033,45.56909765950108,32.160875913739524,blackgram
42.6716156367255,29.91659559527894,47.67769034697634,6.337979133309076,26.039804279057506,74.95054272435083,88.39411216714532,blackgram
34.148722583865734,30.128341212365246,6.436778143111319,7.1566718807131044,23.77828472038987,64.03586605106413,48.739313868574925,blackgram
12.308105032383295,51.526310988333535,24.790465665632354,7.185982642812763,24.843538681882965,45.26481781633714,97.84135199463441,blackgram
21.151615233665883,40.480332202755655,30.378163013101233,6.287064531617139,25.328589530741137,77.5697851372224,89.85972917028919,blackgram
29.137233704918053,46.13015102935347,33.16002697804666,6.812860269078838,22.816749655681797,61.870784206316785,100.7088683283389,blackgram
17.459067718499632,51.36743731870422,28.62440963782311,6.483669146538438,26.995264153840488,57.705646114093845,95.19029774972216,blackgram
25.623620516121942,29.102607847051445,37.40340306501437,6.8372691172770015,21.008936439096523,51.030050079244866,98.58819969581631,blackgram
28.01795116647679,22.144030458428674,9.621389771137885,6.426079103617245,20.956402720076106,59.189754250387736,68.03124838837905,blackgram
15.501181635220272,28.978148622480703,35.45955946279107,7.377959379662983,21.976233160873573,69.27504834640418,99.46203122030144,blackgram
18.31360890934949,33.04853931879047,23.135501259935772,6.8057065741256215,28.0182620268091,64.8448498610505,90.17216746466885,blackgram
23.545360200680364,7.739150026134972,26.87297684189388,7.111982446459175,21.945664286820705,51.55928505458644,82.52535472468136,blackgram
15.230178227291063,18.11214829327181,23.64602127407734,6.340314778742955,23.051756307567263,65.62742333429847,53.85260435538072,blackgram
6.031917982577436,20.549625306991587,40.979332537647686,6.690923457600933,24.070837843768764,60.35487038012486,45.08585134280696,blackgram
37.420584806625484,35.75152547105466,23.860372888564182,7.051777353538925,22.745007802093923,69.02327194602856,83.08987331190502,blackgram
24.9517111518274,29.701895469475325,28.391028512835874,7.116084868925315,22.846641745057973,53.89984608682721,100.7260578414496,blackgram
21.066975972242112,43.50799615997387,55.491539745130645,6.62946149191751,26.36272465315061,50.77046174928113,95.09466596135618,blackgram
32.99135978980151,37.09557423240323,20.316418919469076,6.251674975329848,26.00650412949901,43.49277478016437,73.6529901551493,blackgram
44.11772799629955,32.87846603809554,59.225139671847195,7.057532745774532,23.692203223348848,60.21850703881151,79.05258594911128,blackgram
6.267348549808091,15.894016252734701,21.588586395302094,6.139133849143219,25.094986936503286,58.007425242775675,46.542121973768516,blackgram
36.06319297915998,40.73809117036439,33.405517182973334,6.652779547437309,26.18288430350371,65.44176288381352,86.14807139439377,blackgram
17.630816243478584,34.14901148266771,47.932209762382186,6.571011282416481,29.19587867826486,55.79495252811692,80.64814026680273,blackgram
19.91271605990496,33.34906253880391,5.0,6.586187460354983,22.815757599302867,61.08270678313833,99.88894751017816,blackgram
39.69009280671827,5.0,60.63104479391821,6.83858398218626,23.447001719014,61.25702335192753,83.52379645005385,blackgram
19.997269245726542,32.96875001013113,20.88791568569539,6.6286914021929935,23.62744172848983,48.53862968208278,82.91672940430767,blackgram
38.77949154774507,37.723253941145586,42.298878789528516,6.84730206300446,23.934549003566193,66.71731091544952,52.8496492031613,blackgram
16.4899292623128,15.536998928651329,46.200840887089655,7.032836554242023,25.97461047408999,68.57543892169437,62.414344351760235,blackgram
35.22892679791471,28.122383574252538,42.70323155827371,6.71543273023434,24.23011422317984,64.32726814848792,97.52338334382466,blackgram
19.974822077297976,29.08386492971436,14.123390495375208,6.0005816947521184,25.400919262827458,64.87124285003705,85.24133618173451,blackgram
0.7565742336844927,24.737258548852882,5.0,7.160910332296256,22.827890835763828,70.04322887567918,98.91739287368291,blackgram
16.491144711959073,13.008225730983824,35.25555324579507,6.496702788845079,25.204969284316416,56.13737927354465,44.376831710687334,blackgram
0.0,33.40026372741896,21.57663380504062,6.58407305492576,26.39172767818757,69.38753821305956,74.54910557276382,blackgram
24.89101939635208,37.50214549670826,9.645966454506372,6.816945916424309,26.103771943644308,65.44184166734104,41.2649459499507,blackgram
18.57967095286589,16.826051207648,31.498304316138196,6.894223373930395,27.993420814891962,56.040276157055416,70.04855003381573,blackgram
47.24508028318121,34.44865407795458,49.01477266781961,6.8366184009029505,22.685766762573458,49.33497316177755,48.96975501882142,blackgram
39.930777521377095,47.82895234630512,57.74043212079572,7.002931599696972,27.32567715506997,55.35986933877052,56.871683665122866,blackgram
42.7511899862633,36.26521128359101,31.611665615113388,6.866211444189897,25.64637096491641,70.27053487882849,105.89971169633912,blackgram
38.16330528510521,42.68704308844392,37.710938286371636,6.611649080389614,26.51312934982628,48.84403944912591,101.07783104591766,blackgram
12.082155903509474,34.287049301920995,17.322690623607617,6.916016694922328,24.93214954814418,47.24195233469334,88.41399262036958,blackgram
21.33118834750934,43.21720081220054,30.01988533101611,6.868626295616411,23.084862089969576,55.28534214858111,70.82722727797831,blackgram
42.85053720363834,55.16065631708234,17.922423723856856,7.073054443397304,20.660645164548598,50.44648479126168,60.8244308762645,blackgram
9.712369658389164,6.246174153186299,36.19498368206696,6.685779690681642,25.75881079521022,65.5237814889721,85.31233986345067,blackgram
39.86644764225561,28.957015706365958,12.19509917541383,7.067344254246239,23.821775734437747,52.515229609900594,76.44164248391203,blackgram
16.307836210552303,23.738544270158517,35.160808823452,6.8545025217738385,23.20433986714874,56.09835701641004,101.48666009540487,blackgram
37.44600176600912,61.12597559022812,47.70192260612291,7.093287920567982,22.224262899088394,66.11088281306738,78.93786396606178,blackgram
21.73527294692626,32.52023010798793,44.17817301917225,6.900249477301264,23.24305239731588,65.93967130874097,67.24824915848072,blackgram
33.250246784464295,25.449748987842987,26.717006223965615,6.9798728925121525,22.919612560368204,75.56156059421546,43.578278614110076,blackgram
21.03498475117714,35.553178349126114,38.76471249652965,6.719857283828489,24.885218593996914,63.284400682620934,75.3786104508464,blackgram
50.89771886902359,42.590236713474035,43.09236526508452,6.460152982988875,24.841223151188593,57.59627241023437,59.887972486210685,blackgram
35.402462759186506,21.935313633302755,39.83105744775356,6.4289425311317006,28.438081225683643,52.829338731263505,84.38604674400872,blackgram
41.877889655821015,21.44039354699831,42.78702965149426,6.381244920659875,27.90423539836512,60.11319411972607,68.0717718406224,blackgram
25.51227341358848,42.13378904089079,21.233170622243428,6.5251926931731665,24.556926804832525,50.584303097840255,116.41087815883631,blackgram
21.504081131779152,42.474251792706056,33.14205125471659,6.454639784855409,24.988090581574543,66.27202223448599,76.23477329827386,blackgram
47.89669418776542,45.32273089172796,43.78372281987494,6.6121029683181005,22.840315104437025,55.091299157097644,83.92481881333441,blackgram
38.18680070298534,5.0,29.878301975823746,6.7974267675969555,24.4449114873689,70.33019071212703,88.43560148501741,blackgram
49.65287862121346,26.760592194746515,44.06216238760388,7.240519918358256,27.623386898545323,51.26286725257013,74.92647844915238,blackgram
24.822529418253055,37.338818026144914,40.295303325218,6.498332197792279,25.135677027833875,43.84058134275091,108.83890011603779,blackgram
22.314386389849595,30.837959097667454,25.355254290179083,7.093808272504025,19.324987117205243,59.86711726139273,77.88362485004605,blackgram
23.195454186124756,55.89339818453449,16.69005811716343,6.981538853170698,25.712505577412166,70.09215402028413,66.6562183044499,blackgram
19.005466513143617,46.44104861216098,36.37981962495166,6.286518795996972,23.92138997107346,63.09106123078449,96.75528443093178,blackgram
19.811540202105675,5.0,37.8483477860555,6.383903793016807,20.965322403755177,37.34139260012687,96.27961720395483,blackgram
31.9292617560745,26.615154289316227,50.83536544444142,6.941197404906922,28.232600085443835,48.85811622266403,79.30898752092072,blackgram
5.749299375779785,26.559265022167992,26.27076219349984,6.9379840911789215,25.091127762283797,64.98725710623933,94.06880266277788,blackgram
62.32393016074713,25.270550170708134,15.884659490004314,6.823825084594922,23.395439945720913,71.85568614749229,74.33563922109535,blackgram
21.516354481890147,22.930264182733232,40.77626135207461,6.702675905030555,23.716666359739236,73.32281534098824,62.876603186764996,blackgram
30.533491110494904,39.784592274153454,5.529973343743901,6.894078150421778,22.8897846490391,66.58226224667202,60.74697976162047,blackgram
40.39153547773291,46.58749599442069,42.92154788449207,6.825394994471431,24.5373981141406,55.388643389321246,109.42069381634208,blackgram
19.507571697485353,14.444008896450057,39.980534025492446,6.511158959044051,23.099873005067746,48.45116590264188,70.34180321078965,blackgram
28.7592746415526,33.64637591491048,44.26959366449225,6.908069377099738,24.61825556089364,58.414434588962244,90.20314937830366,blackgram
49.08855244392854,31.894712992248003,22.963037186843867,6.452140199674337,22.10958947117555,65.33015737634818,91.55957047279114,blackgram
38.66045287659992,28.070108304719163,51.104021188376265,6.604764451624555,26.910538474414412,59.690056840083656,67.83298470641324,blackgram
38.887954609766425,36.14454178025991,35.35459138900389,6.77438352661686,24.924213836566338,79.10697594296352,103.68513290392346,blackgram
40.84240342478268,31.676987373050824,45.10735800895004,6.905398432917435,25.05240950554807,57.57148539787268,78.38165324674624,blackgram
0.0,33.15901258946462,22.672858798344606,7.227800999484865,25.03868814162351,50.48829264372031,79.00239691743765,blackgram
14.308183724062436,37.101111235687,34.36421046509228,7.037351889332481,23.41823641661087,60.27206476982517,52.699564091467295,blackgram
40.52242172887072,37.78306770660183,37.437075315413566,6.750485709407083,25.829545781577583,72.83471286646878,74.29811485915972,blackgram
32.07967775565127,13.708105512278852,16.976085576025014,6.779343987927993,27.207867093403813,57.94975340598742,75.28166941375753,blackgram
23.89672133243438,21.978649937335156,34.42457183563232,6.300822706446406,27.561879153333454,54.67662161496432,94.43806970876282,blackgram
10.950021039091862,40.03260195819327,40.07916911721746,6.865260621601769,23.011142956400416,61.99638551678461,56.33887630531222,blackgram
26.20855117355722,45.44119651432989,41.95052890606113,6.75455488276213,23.050386848154318,65.16470169739355,80.38762475396051,blackgram
0.0,41.73944739474777,29.636507491954617,7.110735374394921,22.80945896231439,34.58636949443199,85.5816771669037,blackgram
34.37345515022959,5.0,15.322506812000904,7.576565323115971,24.388778771692394,65.84767181100973,66.98680345263233,blackgram
0.0,27.44612629806142,26.015931595708423,6.630036528399488,24.770718328987215,62.11414617316509,76.99766097492387,blackgram
11.039907480789545,37.29277187342908,5.0,6.13489276281474,26.478360989403136,64.05616217708285,78.85209269851929,blackgram
9.068272428673922,19.38133588988887,26.05879878470244,6.271231809427766,23.521942683953533,65.21864270541344,108.54610728578433,blackgram
23.70847871012174,41.347325314741475,5.0,6.947835372334083,23.392103170545038,62.45876493366376,75.04495163520582,blackgram
49.80621014675751,16.883465274901226,39.41409446342747,6.41614776101104,19.68338904398067,48.52916885472632,43.08653791011774,lentil
29.788515511399925,29.060276668172676,33.61860372610094,6.525351543707859,21.59598909922447,57.38806892837895,38.987533563443975,lentil
43.03158750886156,12.204953593352183,38.817838322066024,6.68592163541086,16.17736621667499,50.74383397223528,50.63007773279369,lentil
18.618521130969377,50.26278496048508,20.194812890438715,6.258086921264585,20.151389880010186,55.48471797038733,57.167028279797464,lentil
47.49555818503878,37.964634929461354,5.0,6.341159910947898,18.876315801296602,53.83488762743538,20.0,lentil
68.23514563076583,37.96539142341315,32.23315205876537,6.854470314925744,24.68730810562525,56.96597315670723,78.9762619294324,lentil
31.960350366965734,27.877113699495776,22.863068339926482,6.252166402485638,18.625971800601004,39.195552285256134,58.482570986299535,lentil
4.729986341604196,32.86374786215566,29.455040879364873,6.544080589516006,18.955736859960016,74.61488296144402,87.20231800360625,lentil
11.331862498729159,33.493021311403474,20.879907855940147,6.195656081987776,17.31985585775213,53.45773352607403,46.372395298608524,lentil
44.51739036037806,44.906733217956585,50.60871577817174,6.244283970177769,20.95073122138402,55.059633733138405,50.5164364979207,lentil
18.423420639106872,54.14280998663959,33.41243813598081,6.690790325213522,18.355847976344144,40.24572426782245,48.61100451015779,lentil
28.139679189150044,14.036699897739767,29.852327870244256,5.99344844357945,17.759905155060256,55.367289986215,72.07581040555789,lentil
24.121848519197005,14.733535363845704,14.588946727109835,6.388019526217605,21.289036983290583,57.425965530754596,50.06936529036062,lentil
12.697613610228242,34.017654567995,17.64697544061226,6.344524208341639,22.650552180874076,56.61692342852614,63.159486245029036,lentil
10.921214983309156,33.17094851205988,45.93985936181289,6.387309900270339,22.70222817997343,60.341962316145654,93.27465664286947,lentil
34.578646897970295,38.81087549709018,51.21280932496635,6.634218181120692,18.997531784419575,46.41165730777711,64.77109907547478,lentil
10.64157867080672,27.851116269537112,46.448206773453805,5.842623844650416,23.06896420358903,58.978993749625275,50.804707683390475,lentil
38.150862418077146,30.0472159035949,48.449855526580244,6.794804942830982,17.19985855363398,54.69809930771341,55.88744292713505,lentil
31.242488557771498,19.077421485452767,56.22205603681253,6.812018545970773,18.520457672054064,39.32311514471814,52.28654738044304,lentil
36.517539691369585,33.60308765919334,48.79699237152365,6.736975916654256,21.939138051505815,52.6148432048835,32.2140253957802,lentil
27.06452203279648,45.901346098629986,29.22715607213031,6.650927110587124,19.362503369507735,41.76150521166524,57.53311871907779,lentil
34.635711645489806,20.164684208078345,26.46433132714997,6.218161027404205,22.238489835128192,47.644353939295726,89.05511090252367,lentil
52.931217758113625,28.784310529173844,14.873269011789755,5.874230636679999,17.055925853946416,39.00932140081072,87.56939254923009,lentil
31.73736880840419,35.84406786137982,5.0,6.140610071234821,21.774159552892574,52.29419289906069,57.055894426288056,lentil
38.47263537900184,54.53696709203722,26.68436304694424,6.52081094079742,20.38519383746261,69.13687708219194,20.0,lentil
40.24834522183212,28.277966268614044,38.501575892762695,6.302788233801583,19.9020699382831,55.69128463572396,122.25820402087682,lentil
42.12054284103107,17.27901602954237,23.64360476965945,6.363975767484844,16.40871365473997,47.3592784663885,74.65658163643491,lentil
10.886518213848074,45.72723976575889,37.316622316265075,6.279730003408688,19.716940725324307,62.78657446112827,74.67095627011732,lentil
30.131754823472217,26.434750245585235,31.149136056774893,6.346470932617309,15.79050098856197,66.33742328427785,63.10649998398803,lentil
35.972208976838054,29.131383751846368,18.97324798913118,6.444222655715369,16.801210475611377,68.21669198442643,35.30976003155208,lentil
14.520505742292308,23.396111934203994,49.32113587278566,6.504352699778797,17.527728407939076,60.034706886058714,74.62001253570963,lentil
38.076524358246786,40.736013617562605,65.91542850873677,7.155528468510834,18.62656931399341,62.99107994248922,67.663363795178,lentil
37.486437242066245,5.0,27.44421351917706,6.25615292289903,21.656117629786618,58.56864400322244,20.0,lentil
29.669477039935945,46.82792257191378,27.199815565298326,6.7187190935007095,20.702330935254167,52.73328185562101,54.57370043863405,lentil
11.751287937964356,13.177047788624588,40.64028771682976,6.505837476655665,19.72297551078555,46.60887966142118,53.896223090384964,lentil
45.70367691732209,24.9713387719796,9.88402930047647,6.723095532662052,19.590246672270567,50.251166924262215,92.15156612799021,lentil
29.69159163974239,34.33775509678088,12.31614763052512,6.434099164294712,21.219052090417204,37.55701012927006,64.01690186231419,lentil
31.511866089672093,30.61931183381159,45.55738347987365,6.600331554454557,22.956143796712887,42.05128387524771,62.71849134436696,lentil
31.26700179584921,13.961182593673797,44.34442503137019,7.197401991755846,19.965987851032338,54.04016870619014,61.690369516306546,lentil
19.296229951392363,5.0,19.413397753569523,6.082412485714481,23.408204156118234,49.079122448614086,53.08161341905659,lentil
43.33730737181709,13.173733457161681,18.497039429931714,6.520421680774587,22.05753798284696,54.013480361350304,64.96650285031764,lentil
31.171766028540244,36.00353783290163,33.02479357693882,6.1910083175669195,20.092158443266303,41.410490728657976,61.62165085801647,lentil
22.79028087767638,68.09072434174291,29.401584243724322,6.078728130121523,19.73163957864615,54.1548699651031,93.46727892305047,lentil
21.158214000919223,6.263580389645401,42.25255517146472,6.085820388230105,19.12768911698503,47.939036115912046,58.60733093399784,lentil
40.337466856115036,19.745485765704185,25.89406121749859,6.495718894115184,20.299195915037576,50.78261739766338,68.7201155044516,lentil
42.65759264462606,35.88951173476452,36.80378285263828,6.025333049976057,20.10045539833136,53.83606038401287,74.578823891409,lentil
19.614738386493087,20.114410876670327,21.388489870746024,6.660924169967403,22.067762109848417,46.740319141667186,78.15924627254098,lentil
31.852197137468913,28.135713342563456,26.829236552730464,6.723983409380647,20.65115563357414,68.2066034211811,42.95550714005351,lentil
37.77152553044964,22.061984852827308,16.960695195170345,6.496739858889509,20.274704958814073,73.34538844048075,56.317083686335955,lentil
13.047319057729748,34.09516076241579,5.0,6.47241296521872,20.03205056459032,56.35680306356169,79.47244498855693,lentil
22.44645571638424,27.740789780551005,18.508187540839934,6.161581233557692,20.61978955876127,39.81131561122721,51.70746198856274,lentil
15.072390601511438,38.245247794353894,57.02145148899732,6.1095236051590005,16.29396303420486,49.00090491719946,60.31395591915517,lentil
33.279889601359464,23.305192271484827,26.99041051761852,6.610253123162181,22.080861785289677,34.35960983745374,52.62121121937076,lentil
33.20713190911595,16.23035843083896,55.96754447650949,6.309377035931379,19.917414625985433,54.44817677473833,48.17430422396211,lentil
2.301404282933742,23.570182096252,45.44160833890561,6.398931461964459,18.307131397082042,57.40537767602177,53.38450207953895,lentil
22.347587795246742,32.24184134494964,41.56125314428181,7.214514059519764,21.654472215314847,59.278719731106754,49.880676020242895,lentil
14.611978410457855,30.934970244286845,31.607548728893942,6.176446177590621,19.649410940191974,53.19454081375305,67.2078679003616,lentil
37.56431780076409,34.364470952061644,22.394870110949164,6.345829812005347,17.60209720401225,64.27820031348077,60.26900729238586,lentil
26.62720416307722,16.06811877821312,74.03486853491668,6.178001590333132,19.142304148787854,53.326694690288484,72.00425931488556,lentil
44.36898082823526,57.11412761653895,37.592364831910686,6.18319076001,19.486109749756437,52.46265898011108,101.36452083011648,lentil
9.032917823635543,48.038647578378416,32.69871554319625,6.751349160568844,19.796010566728135,43.260538958989386,75.01745558802664,lentil
39.816465406584314,44.58085448609583,29.80043046932047,6.320053393004045,16.88242600995232,56.55498614511525,68.47778964887972,lentil
15.513260507040611,21.921394900550638,22.99861782072839,6.0551046704052744,18.364635206789732,40.92935714554917,51.750419762241265,lentil
18.91953752505656,5.594926186998769,60.33885345854222,6.875762219308769,18.44196115696003,52.17937117322888,68.3493017964259,lentil
47.86628782160216,17.72092460009882,46.38160175973639,6.33562840873792,17.328275191662772,55.79309247451598,85.81516848244857,lentil
68.81863460296026,12.004121023646796,40.483795276211836,6.37705962686194,21.56671742104806,38.236083590149995,34.74460448602872,lentil
18.36187765250274,31.184460685021268,20.383781001924667,6.697716303174026,22.05378923651583,54.79662032996285,92.37575279321736,lentil
36.23739944183014,11.746549344897492,50.45064770307509,6.3184531293182005,21.82083699937114,62.58987373244085,69.13376021460799,lentil
7.5576178025302525,16.22681750235313,49.841167003277036,6.4492631943071554,20.15914706988433,56.07059532930887,73.92645724160647,lentil
34.18199718578191,26.869974431693013,25.30997331401464,6.757369647587403,21.107139062135587,47.941599995057686,81.64224625986282,lentil
28.064488273053243,17.2250673849841,18.61543951644983,6.20637774910707,19.455179966792624,59.86979422668954,43.89809637938983,lentil
32.827136415271546,20.1496598155888,26.095364380928437,6.046987636404424,19.558923541686926,48.4503569615603,70.80575888071391,lentil
33.34921369883056,12.024118125719319,46.262973660653145,6.563090912066599,20.396787034354972,49.92654117291889,49.644851055555606,lentil
33.26703509623089,37.13382653892874,5.0,6.338371748796171,19.490106059192822,52.04936484555422,83.86622011854251,lentil
18.423887781048265,22.53057229773237,22.31198834030175,6.259541722968637,19.305627009775474,56.166417759903766,38.92329009271309,lentil
36.41721592729355,5.0,21.57993005336691,6.401153209934604,23.34971934582813,47.801581561978495,20.0,lentil
0.01666639708125217,30.510443795200214,39.20656283684863,6.6126367572881755,20.33514021160198,59.298076780045335,49.208175585257365,lentil
43.423658340402376,5.519776724603741,16.425782505929007,5.957887581520455,19.450309398660416,49.62991026186926,62.2820298445304,lentil
30.928250293307027,16.08670003782408,27.146387333801766,6.050765999418275,22.7264579502645,47.57099141681599,50.222277619126174,lentil
53.83410492666124,11.36630199676156,13.116193289520464,6.17113390253943,19.864257236601038,53.45305303710078,74.79350936235667,lentil
68.57992976242454,5.0,39.13103383686625,6.3328608282283305,18.827169702222452,45.041822973968976,41.824606583840534,lentil
55.26787251905178,42.634459905208544,30.34793967836062,6.9053047257461,16.97494206940225,39.35435894935259,20.0,lentil
19.508781898150687,32.425477900571295,31.54287866898501,6.5448025733179644,17.177886337867836,56.425237940912176,64.79255036477996,lentil
40.995814221989974,5.0,34.67236288196685,6.143670428024742,19.205353494897277,54.274919189091065,61.82187212511826,lentil
17.226900303310217,30.094097342766275,7.0269702713453555,6.845080218769489,19.5894319610075,58.94839955404261,49.46936625807914,lentil
22.146360173901257,18.537198200432304,43.14260897539613,6.287170652801457,21.289190864830353,46.94038081864568,20.48073400216761,lentil
51.44528898320301,12.313376784557278,60.50854085523506,6.392877679297653,28.351950201429233,34.27139311717578,56.44808010482522,pomegranate
69.83838206681374,44.458604011137936,59.69851872345522,6.518639910135213,22.95206076777574,29.51160194371856,47.65575506704077,pomegranate
61.605861794884454,24.822796782929593,70.31899458077142,6.566105018618793,26.385917666294116,44.47189954557511,66.83650427909933,pomegranate
59.09943687467153,20.970833370972343,50.50152904927535,6.4948160241144155,25.417986268434202,41.045326709954516,55.56223457415463,pomegranate
39.753403959281535,56.52253939589675,64.79947786717744,6.327916979846049,25.616302145518354,35.88709106262734,94.09184186594754,pomegranate
43.378313126116964,44.640610790339196,80.99229640458515,6.561403708477629,25.944972762279534,26.709526021009836,55.9307771783939,pomegranate
59.451150384856035,39.894749971235555,76.3527520653067,6.525571180613506,22.565349871548012,34.830041765790064,65.87075059937281,pomegranate
63.741265315275626,25.09990128736434,61.87128149495902,7.204633442505674,27.26346833792502,32.013052599975325,49.99604365808008,pomegranate
57.45221463483404,54.5510994274596,57.25048935710704,6.744061696643787,25.535372858127396,43.791866859535716,99.1967450948935,pomegranate
66.75919574147082,31.241593556781385,60.551742497613525,6.034707963364276,27.990301728569634,36.07333132796675,68.5668410132145,pomegranate
49.328067088744426,24.233146815343623,53.834625952452406,7.056486895221911,25.742480326793814,51.66128257687838,68.61724838030075,pomegranate
40.864760100064025,28.071805601220646,50.22487316765377,6.0916852590539925,29.69894188022758,40.62514033776003,70.66414635798625,pomegranate
62.481054904495565,9.269736469613434,52.74574290666845,7.002534232435204,24.397559940434995,14.74584546999349,55.45787984438148,pomegranate
57.873636689586924,32.033451246220636,70.92777965271804,6.941281743669363,27.017539610487844,44.564251104693675,29.620604383733706,pomegranate
67.56872721716086,39.39807545005414,41.40656570879641,6.299138817395283,25.008115747048798,29.707668459877667,75.06838927004861,pomegranate
50.78191824463357,17.15477222578194,50.82549394958161,7.085589700246263,26.526086748753904,33.565991797144704,57.79989002597897,pomegranate
79.38090501489785,18.76242410095137,79.73262436410155,6.813148889676451,26.179161236049303,55.007203983474255,38.88721020402807,pomegranate
54.69471360649491,11.513531412539997,74.28692955804254,7.256756680095504,29.839845562809277,44.791590025168034,56.047590644080685,pomegranate
54.521385337652305,5.0,90.53810302772689,6.8906934234445405,25.516086190261035,45.62445511189574,40.54470966479998,pomegranate
66.0993305133401,27.41056298563748,69.58015709820451,6.730927938244164,23.598144217777552,35.6046109813603,80.97728283750725,pomegranate
59.56175391219022,41.62672682383629,44.3170577148892,6.742121762019044,25.250979089822845,40.97584672083768,60.62983124523991,pomegranate
70.35110514504919,46.31565639236799,70.37427862682082,6.831935530288093,24.50357548297719,34.97771111466479,49.338191959683336,pomegranate
54.8390406494366,24.381987738746236,45.30111637826633,6.162798423259803,25.163713903344465,36.54703561539327,33.0364590914502,pomegranate
60.235233547074365,58.50402636466447,75.34584832878359,7.243062452736159,27.282255753865453,44.34007858389157,45.52070539064425,pomegranate
50.334895994670234,5.0,77.79218211063449,7.212097193945966,25.39364550930546,32.96838634882212,44.92275772618077,pomegranate
65.73980327216238,46.87398817954861,33.858420391784385,6.872831559192676,25.94665645656171,35.90715513573352,69.17988003348582,pomegranate
57.17696341840768,28.44619719891329,56.79187248668042,7.041094860536484,27.337519920254994,36.76466830189889,34.58096557815435,pomegranate
54.32130385180269,43.480037405087614,60.56544859685884,6.947859440876742,30.033023600655266,43.30884855367053,61.86316675399485,pomegranate
52.33516244706409,5.0,57.474226162907215,6.652196251254945,27.280732388790753,33.7687581842025,53.592298811264115,pomegranate
33.30901604239169,15.900482562749003,67.14976561200837,7.264772289339808,26.304949232508754,37.62248858859299,79.0495631390561,pomegranate
47.836590956996254,35.502210649281636,48.892648405017624,7.009447331547303,26.802806095903467,37.38761451185152,44.34802805162822,pomegranate
70.60548539416178,61.27069381846524,44.88132456857691,6.648072297705743,26.963214948336184,41.291249695966535,48.80907429421062,pomegranate
17.504545647858897,50.38784241246037,71.40759179376214,6.227115740854001,25.284862416440888,47.54545943621861,88.95592836915732,pomegranate
74.07960034018417,27.35831349060206,61.24481128218765,6.710722258462162,28.756479566537674,27.99326074803912,43.8840069023159,pomegranate
75.15411880254024,29.334578167326576,80.67701033180712,6.548546337905837,26.39044327932235,27.620696121248372,60.14725362847134,pomegranate
37.82179594501802,22.685498685675558,38.456192026078234,6.9581769699573774,27.933178679519305,21.157898156125242,86.67771491001146,pomegranate
97.4612268962978,30.690095801045114,50.38328609663033,7.597299177300914,23.86206300339498,35.160851734952786,63.59244545263847,pomegranate
80.17721430678623,35.396084626901825,52.52049156317323,6.464644688883613,25.81635635950773,26.944581112438847,60.95650639569366,pomegranate
51.537057302092705,7.589433100653739,78.82718682562356,6.600698242971288,23.963726390049374,33.653926924099665,61.36743131935317,pomegranate
33.802999116314496,34.97471500688644,44.292636469646034,7.263308642757236,27.54792102415347,31.800800079125466,45.09664459365299,pomegranate
58.42548438654564,39.19186112374935,59.617588071222,6.684852357858943,26.616740581635792,30.16912855010436,53.13588146313925,pomegranate
28.71311341642494,44.60589346278552,64.48196670482643,6.517963246789971,30.297469962710476,35.69613184313909,39.27712856049607,pomegranate
72.85106132205688,35.97072324763894,65.91869978226329,6.622273318604523,27.40099144755607,32.90593367823124,71.11882903291685,pomegranate
31.425833189840418,23.491898055312163,85.83232646712293,6.51987976337991,25.292323405013626,31.4163092924002,35.70387728222713,pomegranate
26.875788356576216,26.541204022145806,62.03789136122485,6.7342484794384045,26.210242876104225,35.3443269668031,80.45682943101528,pomegranate
57.143307211061746,21.388761343690955,55.783117726678704,6.923804027927033,29.3240537570865,29.974850086646573,61.97867574057767,pomegranate
65.07536162903939,15.111329899067657,60.306257508193774,6.310297842797372,22.961899392521204,37.933971263138055,52.32250517338434,pomegranate
63.03420611431829,29.73157534487475,45.35399927004304,6.736423709410699,24.03379738997029,46.127778864011205,32.880593102800724,pomegranate
57.06322093547128,14.365926179291273,68.55631760041193,6.650570588615549,25.46266656075758,41.825612360412435,60.58861183355104,pomegranate
67.74966668903951,15.280110952238028,38.9277458410874,6.78216238861204,25.862307289010538,40.01147737963156,58.40183094674901,pomegranate
63.07613008851945,5.649262050881347,88.32655409421385,6.70072740449039,27.895173940678397,28.311266638242987,66.16019804434681,pomegranate
40.457328547128824,36.78101757389506,54.66038873421251,6.75875715118067,27.895948060260196,25.13967751023776,46.310165387744064,pomegranate
66.85986421630149,61.4733221182012,57.92876498007777,6.92734083537718,26.28605706028304,50.53796475805039,25.055566660694886,pomegranate
61.41931567004037,5.616839496569085,22.401426441949248,6.839238615935345,26.77899559229492,32.72130449806239,57.87611819920494,pomegranate
106.47449151106886,26.127372929528484,67.65186541875113,6.5551905541158355,27.090465150081208,33.09413059955506,51.7896303454054,pomegranate
87.28347798300487,47.657774447765085,62.05119971098846,6.05873641921681,25.77798155349486,56.624220515240665,55.38676666720583,pomegranate
76.54826358080487,51.629136029289015,63.28445873783963,6.497453510439554,21.629375336434222,40.47330566887164,43.704879943529036,pomegranate
62.642256778315385,11.252694906159537,56.021436892946966,6.760115716470316,27.037187162088596,26.081422501180686,83.93821897522704,pomegranate
51.046578229020426,5.0,58.364648700548045,6.760312592707938,26.82117886634352,45.89705922948063,55.271023265282814,pomegranate
58.20570563446843,13.452234281503596,72.30830254331846,6.805292719223431,25.659944545411676,19.76260245227629,88.88824390110175,pomegranate
41.58480053315914,21.130829859454415,65.37516766614004,6.391032621414994,23.512980443493714,18.00841933839468,74.41993905811272,pomegranate
51.82220632910517,73.90905138709995,45.0846740155369,6.4735646929713235,25.369214059429197,36.94507724110791,50.59593322429377,pomegranate
69.18498321003769,15.321174150170185,39.27612422304628,6.210535578177268,22.052851664125605,30.855447844199546,53.98039375213556,pomegranate
50.52844458775225,48.65108695780743,78.42045314412202,6.6495591037666495,22.912157773616073,30.46635913555958,48.00357212165877,pomegranate
50.14297556582913,19.534216441526326,50.198056564127896,6.634037515230672,25.228917802368887,36.66658006900474,67.20737431809722,pomegranate
46.34032369226265,49.0659798901055,45.29906547239079,6.264659815855399,27.261556142730104,28.460734924685283,66.42582941514776,pomegranate
23.94497098349204,50.886839122246016,70.08440112060603,6.299857035251099,23.54244575230743,48.37812723278022,45.25240193004083,pomegranate
47.487227269010646,5.0,54.738326915976685,6.681684115549274,27.93098619353897,23.807372574524194,29.59426415518781,pomegranate
66.76443952164715,45.100951068405976,36.432714733231755,7.074454225889922,26.57508368297364,43.734442712597165,58.595592769647666,pomegranate
22.16583123768074,27.720489265259417,75.90215728006905,6.481876194274886,25.724070062185096,33.59093197159218,20.0,pomegranate
85.07021363156214,16.47936480154238,67.58603148709199,6.723989659155538,29.01523811271872,38.248448979424644,55.301514569580505,pomegranate
46.5972736122108,41.967760520732085,31.89838044068075,6.943767126082768,24.301910496890255,45.01826929565312,63.225990853253904,pomegranate
69.66185651775163,31.22983220737079,33.71434357288505,6.491781250981399,27.844778675222766,36.333246538878754,83.61979810611345,pomegranate
66.04911844555758,15.499471639460104,48.05903793419049,6.7808752171569715,21.87191186799979,48.38753508498388,68.83493472755114,pomegranate
78.40551895573309,6.290940887862465,78.66847740532884,7.419449673308325,23.858243289245365,41.171214359230135,60.022198893745866,pomegranate
36.83349227627633,37.393259577778046,72.50404807256022,6.569662034199346,28.831833040510446,21.66589274568642,30.104877071007117,pomegranate
62.04896093383128,30.380779169584077,49.25139767363842,6.992878330791566,27.5617886284319,41.865112567472124,57.53727129295465,pomegranate
69.03870401967511,23.31524545455008,90.80728035129894,6.506236268963404,30.710594858916625,35.27910357671527,32.489782208625144,pomegranate
80.52119025732901,31.888520825924385,72.76686147570356,7.117156775562778,27.17591110829005,30.262073241497482,79.514267553385,pomegranate
60.011332611818936,40.28786727912629,27.69404139312808,6.884094515102955,25.22282834970994,48.226477097428244,72.4617469577819,pomegranate
63.59786618773945,37.294649900253326,45.02338720684923,7.2369770071584165,30.48274083683381,38.14330808438573,91.80807137147278,pomegranate
51.462777019912,18.04329650662529,60.613871230933846,6.880482311510369,25.71202663751376,39.30214552294787,66.12778964146828,pomegranate
45.02539837063418,37.781895261775816,72.95292363782282,6.801440795277117,28.805296206523384,25.260769652024386,69.35900844263703,pomegranate
42.44578940404838,13.288779626503686,50.53603749393315,6.467381944927727,25.404008362517725,33.28679751431049,76.74308972662769,pomegranate
55.18261441941446,6.215614398456111,77.10101769742741,6.498872959915488,26.382559145790744,38.57229205552569,63.99220836805566,pomegranate
76.41269321282213,37.185047150891386,47.08035630454338,7.403568652197499,26.888666926676468,33.82127818702795,79.27850846111141,pomegranate
123.74176418895108,65.98842289408991,167.3827599790103,6.417463571523486,25.36447821196521,80.9326280960997,236.43031871162077,banana
97.40198954714401,30.51666162785242,121.19327094069779,6.009823112282214,25.150337304948724,84.01999756903432,197.18502272895472,banana
98.59760134827987,61.04005742573022,142.93815226922754,5.991507968445016,27.64046479661197,86.53844962990661,234.08170204313257,banana
138.2772032230753,93.03020886989424,124.65861927071417,6.5328714740233575,25.16712313350395,80.01581475804649,245.65746711272624,banana
99.82478274103997,47.08425491751637,150.65771404756842,6.806010952070627,25.273736706365845,86.83521600896576,221.82431684984067,banana
140.0,61.117643907401586,145.38448170808874,7.292603573147786,27.196198310094932,80.39462532635875,229.4489397044196,banana
114.52078712694173,95.81951558287099,132.70106556543973,6.418120003932346,24.328621989959927,88.77776153285151,232.34374825655476,banana
112.5396844287886,68.64677017683634,107.37166047680715,6.555491172521947,26.905512704153388,93.65863847647378,199.5836239454262,banana
100.82471056796513,46.56858058612438,109.95147249527619,6.900997207327695,29.097278590048074,82.56173262359063,239.42589891370295,banana
122.00937570870353,58.57332528448851,125.00443571419358,6.4068827025867305,22.90439688738194,82.11403810885871,214.19332179571913,banana
131.18041086116813,61.402852446579146,127.55944447646363,6.238642090997711,26.14430647364352,85.9058978465293,192.1332201783228,banana
121.31210630521109,63.49564427294226,119.22902824572603,6.3236431085276,26.46122169753243,70.93263185365902,221.99847430498784,banana
106.569684395112,75.94280539549824,165.0674161808245,6.241772959489454,27.06841572474935,74.18606476094385,235.81908347595578,banana
101.02112386372178,67.20880137641569,116.9051654966597,6.437904623270489,23.937949449705386,86.57880376716602,198.26039291120827,banana
128.27946388997742,54.83852957606501,128.28291442301705,6.544326772220039,24.476350656682303,81.6829369083271,245.6066912870882,banana
108.32857821250929,77.57715214910768,152.47146450231676,6.255153503291587,23.089890789818895,82.41568720137411,204.05184954466253,banana
140.0,60.52211310749748,117.96700887947232,6.155852146696486,28.17980991818166,75.4305282073265,215.87657598920856,banana
134.33704117668722,52.73612472103755,129.31106756889758,6.495029477053244,27.366649023032185,84.72595468408261,210.59772537490343,banana
120.95473592244777,54.42331482714767,107.83581389620832,6.577280257219439,29.784383521666136,72.9302468744715,199.53940580794594,banana
106.93908342534388,70.86887668084684,136.72728181294661,6.452438692275063,24.16396187672207,80.7390143331194,183.70755745328393,banana
122.15139850286239,73.07286579131902,111.23201295049483,6.040244516951101,29.158875783389718,75.10592288396332,237.71895691887644,banana
117.69003502203252,57.57067774588009,136.57619049244968,6.234800342976068,26.264994286991293,76.94808468140725,188.59013113189937,banana
125.06223112089599,56.05038289683126,127.64462757332939,6.136951716975752,29.182800735525607,87.01371349108894,234.28311768343957,banana
115.41832946337477,34.0622566574487,159.29376073734267,6.48167074759824,24.502400407959893,83.3344125958649,238.34241576006593,banana
119.654241658718,79.17862751909061,146.24499907775302,6.177085643779383,24.652419788681048,87.66029730623814,160.74774872379123,banana
117.75816460252517,38.53753197562992,122.85169297849713,6.4103539732912385,25.283511244184986,75.58190998309914,193.05712700742373,banana
140.0,88.01193006242026,112.56901269615575,6.97463502539107,25.201069019054295,81.03349978665368,213.7345208020617,banana
110.10377038119051,74.7577851540922,131.88829795864987,6.357034573034228,23.390821112399056,72.85123989024703,182.17239768795807,banana
120.18335322622754,42.05001611573407,126.01659231222189,6.911030556083111,28.39859914584317,79.74178484717906,213.25830547713701,banana
140.0,67.81134180538066,125.08290310185215,6.072194564863865,26.787746436329485,86.6345901806629,202.3669695097271,banana
124.36804132707049,54.546400576274564,127.23951401201496,5.753653382731301,25.556437192567728,87.75495441926444,202.37194888866884,banana
120.78789552322975,48.66073939962119,135.4066251443916,6.435043040739148,24.121516918635987,90.66041174132103,233.5786402706443,banana
110.92639854107738,67.46682464126665,138.06118004230572,6.692690370503353,22.611488208009845,88.05285232826103,203.60602074148537,banana
114.632580998381,99.568226283903,134.52810071081518,6.384103257365847,21.589411254488187,91.11811307157085,188.09580658382794,banana
104.94841644750744,55.02971551368226,151.24617687550437,6.731971995999728,25.68432498031948,82.46633650911056,202.99228614257788,banana
122.09480534348026,61.10005117167205,144.5315484352203,6.790153436731685,26.98795476441129,77.10121953963119,229.83644588780254,banana
118.6204730069543,43.771284469303005,123.95068312133591,6.525358095135298,27.82043156732949,78.53177462274277,190.8160257752079,banana
120.8511252494523,61.701840600848286,132.7875644335413,6.775961454786329,28.037846480179798,75.24631302094667,202.67713083902112,banana
104.3970193356679,70.48223505420714,151.73230162506573,6.405475421627323,25.517138870550014,91.73426045519182,225.11115706430016,banana
126.54353557201583,42.1362524103941,140.18092103919128,6.2212590978470725,23.731959628130085,77.2258273858663,203.28414553102618,banana
116.67600458422442,38.38527548212622,144.38224459701507,6.838305888354928,22.10531505171837,87.82766244533241,198.78942740356746,banana
132.85463305474178,58.97330261000376,130.43163346121497,6.444470705173634,28.424258408466972,70.08329589979978,227.15680677470016,banana
136.51995247334327,70.74510120810616,164.87048371485128,6.34131597118259,27.914609645187063,79.15127491726864,239.6681215270534,banana
119.88466506417946,54.181863272062955,149.59108305807445,6.352531418294321,23.174548482198887,75.86522493460937,227.38065893177065,banana
140.0,61.66694062944768,149.7729560085104,6.092547523556722,25.113473070364194,77.69139906276719,212.7088114505496,banana
121.26141582375294,70.3636643608829,123.32789742744265,6.541708606085938,25.909754219351896,72.5928807688708,212.7266662183713,banana
117.84510705154322,57.523791524954305,130.47639184872176,6.522702062184016,25.13540964178534,90.18171787177012,191.61038741593967,banana
109.18544837295156,101.69945436335334,114.43012967516155,6.093873597587073,27.468953490002434,63.383041169809005,210.29452180055122,banana
140.0,36.82596116769899,100.2705327139193,6.05024563941269,27.796719136693973,88.9982137598865,204.74822406042983,banana
130.24818606001602,80.85382991267984,156.81019621644737,6.426099415646045,21.397056564660026,73.4329686207225,206.46391610129484,banana
116.11591805132414,57.18210898486921,146.78341896896004,6.8823285280062745,25.656652692150434,88.78787900841455,222.15322733262178,banana
120.96758959293858,73.59816235664945,131.08378072356874,7.117343353129328,23.123177666410882,75.87863280726386,212.46962206092098,banana
126.59179035686986,79.01940730654633,129.63402149145764,6.073331105148138,27.68502779291001,86.03967012913571,176.16282681241188,banana
119.942937994938,36.14787253979553,120.03023353746906,6.22915732191116,27.61852939648397,80.93464139337748,189.28817998487943,banana
133.20098944436015,38.49291264107379,134.95170685706415,6.255796799212534,25.26864583493896,84.03416598430707,225.42898798119057,banana
140.0,58.7661945049282,134.59676294445012,6.368678803278702,26.363979765245595,83.51588838406809,213.03380305091247,banana
92.94374273861256,64.97206344496342,135.46842216033187,6.295947957095615,23.43122592785497,91.80703320403173,224.82891021788805,banana
116.56378453617435,42.94450675278769,117.67277757367981,6.890777119035869,26.275323881736092,75.59530346399434,225.19378462449313,banana
107.78402718830515,82.51264545420568,150.29200802345088,6.360027778639167,24.742659505938278,59.05493441046176,185.36838456897263,banana
99.90795337563365,62.02785511481079,125.10649443337961,6.0963993537754275,25.437671915070887,84.0426971811788,225.55678699831174,banana
91.50494578711678,58.076047792742536,109.24988834542584,6.770518609142082,27.568292832706998,72.81578218940433,199.679095951992,banana
113.08099424252539,26.208099079029914,135.03952260160864,6.418146636097961,27.94035016513572,71.21272625629958,202.61754103500135,banana
97.40212112941327,44.9356415475862,112.27027005897672,6.798792103653934,24.603476302497214,80.99340547795691,207.3847319227639,banana
100.95802100980781,57.47549365242536,138.98654997795393,6.137672182236995,27.618225581462756,73.20223262817844,205.3403214785432,banana
127.96024684515072,50.04845764170768,130.56362289003798,6.405592751363573,26.25873601340764,60.95408715581202,178.40636369583834,banana
129.23950509070258,75.55772108473576,116.34269944702719,6.4267914943486595,26.589438505804605,85.54574081326963,174.44645456658304,banana
106.70939629532434,55.011309302251874,140.54710295854073,7.2495291451164485,25.543988546380564,68.7441803031681,223.04536154402595,banana
139.81493684311064,61.62021181469251,116.40027182268561,6.787398182444006,27.32709123699687,71.79135324643501,222.62851235068683,banana
134.9589835148831,77.7283506383834,129.00326537035815,6.392576166146204,28.454547644162524,70.31871597615292,223.7715858184201,banana
99.44960058953356,75.98064408389405,126.12931726583258,6.880574970694241,26.982825512711052,70.21423815950456,243.49255464154487,banana
140.0,73.23429738898824,118.5761820244567,6.408195813692777,26.290854434811518,74.37031680534854,248.8469314492641,banana
122.16489707589055,19.44977929338964,135.0903371913433,6.395552780954806,25.850146887763103,77.0510450737144,231.14092833213374,banana
136.7953166783007,64.2457974338798,124.91033219292761,6.487598838557249,26.039199233155255,73.58055968108131,226.5785729714247,banana
126.900634857907,83.1066185966501,148.83024670432712,6.294297524722961,27.64059674901793,72.39237293524423,228.918642018817,banana
112.25078701859839,44.651201649366236,134.20068014046106,5.697629861553758,22.498048851189544,78.58006492980573,216.64883533269685,banana
114.46021844762717,36.30845551923602,117.73162236792241,6.617362798171218,27.163563541256725,79.87021505923246,238.13667562073977,banana
125.96095535188851,48.78816519062681,125.79246919882574,6.079140152837644,25.783722019217166,88.89680495377071,228.70580169421936,banana
140.0,55.456721343015104,150.19149691771386,6.442008732065609,28.943170165139787,79.82514602046301,229.14462747608553,banana
140.0,57.098585571281916,133.27583481316262,6.88665902756189,25.733993672139874,69.43286173995071,257.8601410916982,banana
112.95353303494295,62.38134076406314,147.3401000417669,6.31745182888064,23.98426417355574,82.02989837419867,179.1384720417522,banana
115.6814088469812,63.675579964731085,125.95072154762254,6.036964717044276,29.188355912408024,80.8283052315934,243.62304235523482,banana
116.09945624729333,46.79982027463854,134.0377138038274,6.435263862101534,23.644477084017282,91.75827407029996,202.55459554212007,banana
92.39600422806647,79.92249080936,122.43552976281065,6.3176528322153125,22.469224825940053,93.92753189277593,189.21038825580627,banana
120.87674221058475,73.68930483810661,136.32575399504645,6.482103706402342,22.596668283425167,73.52220131386173,218.75600676085045,banana
108.19238895019505,63.05039189998151,140.22615113222713,6.78875086574003,23.547641284374635,97.57316843983163,230.34958689108262,banana
119.97428769496405,76.3430487461496,165.4811165799996,6.068383969682939,25.549474715017293,60.97254672101337,218.85303065296048,banana
105.48091362887712,29.41256826835861,90.18199643502535,5.885145645143503,26.747067366823536,81.64347587132261,58.17963088533136,mango
106.60089893534717,6.47783529869924,106.85819595538771,6.381985310676603,24.47516409879417,63.917090870270954,62.127768359339804,mango
105.73649973538804,10.317551982067233,94.0432700264822,6.487558466600255,23.80192155093628,84.37332161340014,52.93009039877317,mango
89.95844629549764,15.32538075266253,126.97720130707177,6.665871568579845,24.126815987512714,78.84985247087975,74.01397388577756,mango
103.85880131667253,24.83284186871321,88.75876019564541,6.601329829716381,24.909825540008818,84.53404503660084,44.614177895137914,mango
123.04235159282418,28.33021726803299,104.48628601031659,6.749947329988831,24.739501409991128,76.9139870775891,20.0,mango
89.20015700167092,16.139057889884022,81.19740981442358,6.435513548576314,26.77149993636339,75.62127998799444,74.81753514400815,mango
90.0145980265968,35.535246567377506,101.86428542276276,6.780816850380805,27.553873405863033,70.24381131136504,52.05493987677487,mango
90.20574766251879,21.753159605429502,95.27100499125616,6.580415128276926,27.430348780256118,69.59105045587698,70.32249575800945,mango
102.14959457500005,22.2614203030149,86.11911613535565,5.973368630806787,24.609701283846256,73.78516362614229,55.94177123920865,mango
96.4328944386109,36.996469311184754,107.81034244634003,6.176140144350188,27.994118712907284,79.01880071484388,47.403002855628806,mango
87.6424469553827,47.86636024719287,97.79719718117049,5.834066615764445,23.200636990534626,68.00504299862016,46.73914699430796,mango
93.79864344045338,30.48594320525368,121.93381906052093,6.412863825131663,28.14508359914552,81.43008129629416,98.68619338704153,mango
104.27131890078353,5.0,106.91237298105798,6.814519966344062,25.837865789129165,83.95667096060198,87.19667122934915,mango
108.52410065729177,46.295710668087565,105.00054776891317,5.752156850181394,25.001722097059268,79.57734421798283,53.848173198034075,mango
96.64791242144591,14.327455291453932,126.75883892802653,7.004447737225405,24.23226220971854,71.17838400311267,56.39011904471904,mango
109.22416958547068,37.64524615863493,112.17558357419898,6.5995755343123665,31.870812412776935,61.77660987991409,35.78793291126971,mango
94.10364698947808,6.480176016595987,77.61306594991011,6.1996056037406095,24.155622189136746,62.36305518439952,80.36437900890823,mango
92.40716408371996,27.307281376912798,113.41349161751403,6.270103242565572,25.470908202590557,72.92607988874333,31.168643987595573,mango
64.22641736574127,35.19175993196584,107.38021420850347,7.119266040455723,26.31618975173362,76.55791773806476,66.09054712828052,mango
104.4584083237763,55.00885262624301,68.14010772811547,6.624084877271504,30.27117346015473,72.25627375367473,103.01145926465696,mango
90.56181775705836,29.519287587544298,100.50287053582882,5.834722676192369,23.6636443442996,61.22499936492811,86.44132156065055,mango
113.08229658526082,34.860546640598,112.36154345283559,6.450755176183468,28.403863339079088,70.07030754105658,71.15728094853513,mango
96.01611050106384,40.26675716454642,93.6820177508063,6.7929294131594204,23.735701718567988,61.20866996217445,83.74853510253008,mango
98.67183678125481,23.191628757703075,113.3508659871319,6.3178215757741745,25.599597491399262,81.19382360056927,100.782846916213,mango
123.5859731540549,25.76811334599133,118.46054357476706,6.215314151669396,24.18619425055588,51.196353179005115,103.45736403797059,mango
87.04030226385882,28.1020113037941,86.34513487107574,6.708549574499042,25.248732678565318,59.561464876536405,78.83325128372121,mango
78.49404962784658,17.438914120267633,68.39666328060879,6.072812566340718,26.357058339440957,54.283711695176606,40.37708550756569,mango
99.96446625800787,21.84589655860421,129.88054953938962,7.050168963807312,24.264155074497694,74.45710094722786,84.98565113758903,mango
91.03781712963395,7.566876952526943,99.81552326037914,6.448146297555767,25.12847100605876,73.53853494531589,54.98540785988803,mango
82.72003678631285,31.63624455524748,105.78955138853314,6.147006516829984,27.856181221982162,55.83615089779138,58.43773082568713,mango
96.12987195703586,20.45664431022105,91.52409289673211,7.061322344692434,24.2982318219222,89.52977377977531,78.74253559462103,mango
101.38082705967987,37.14360530081499,137.94891623877928,6.201922098820566,23.75916416212722,63.96107042742463,70.64286293929122,mango
74.1134331278114,30.33508858977912,125.40320700120508,6.545422217187434,25.414629082049448,65.05471641053099,87.97023409103129,mango
87.61250840142928,57.695938808988714,129.00039621571537,6.5770252395985365,25.97696982384671,78.24527846593247,91.8959700445465,mango
87.91012403410878,22.101673002949468,80.16478847975057,6.6227194815002175,27.33325576691378,59.200594897109816,60.89602190367682,mango
79.79119123627976,16.518002846342434,108.26525590339449,6.279955379996516,25.398348087935403,56.981506176421476,73.73980419449329,mango
99.33590020233027,19.065611249502567,97.16478553476288,6.554088464151033,24.37026370218131,58.18989964798577,106.1114886537363,mango
90.50090942934591,28.54859845219666,115.16259602530471,7.558716556271145,23.511027100222268,73.59861770981207,55.848954294117874,mango
91.91814543134933,19.196819684898152,83.11517548299122,6.487612591464601,23.050994625903527,77.57446053209496,71.10005872066749,mango
106.3365245935216,23.007170820806657,94.49194098682378,6.586269171550199,23.67189873518835,67.13607652469331,52.80772972243092,mango
86.64146784113478,5.0,120.0898988422,6.294038374053869,28.3267521103271,78.55033857115434,44.28000586967013,mango
83.67383146490732,68.40754439033526,126.26388912890715,6.490544446001569,26.514746212834698,64.95322877642249,78.6470542840068,mango
89.24227148916293,5.0,80.17666320233424,6.506327824355176,23.737865528994824,69.46178028069173,48.50677921134274,mango
88.2646911624701,42.797479596197874,103.71220821460157,6.4971006736059955,27.7579279461413,73.84486874677877,98.93126582502735,mango
93.1021110652729,23.555475322087368,80.48336100412982,6.371305784788274,27.92953978860489,80.39989897809707,89.20610336173335,mango
73.08712200175846,46.24717818991101,72.42222065091894,6.769435197236704,25.26443094685789,75.62026651147085,43.35103304210868,mango
117.5675144905922,8.025378808426666,89.97317633720233,6.2005716116692895,22.491430294355002,70.75622054070774,106.12178235673923,mango
140.0,31.457336806293718,116.75021912601284,6.569628391378561,26.997766389536427,67.26281079098209,73.90153850845205,mango
108.06218056909643,21.32310406685503,98.83758550160518,6.482470964300753,27.65280663466105,61.47174262697855,68.96915582784698,mango
128.68008203579046,47.460902288789065,120.23768573333058,6.5073295520534105,26.641995127372045,78.0178893336234,101.20511059061862,mango
70.7259563067567,10.268380394252315,119.64166152103972,6.416933193269359,24.656558421483844,59.96671210403517,58.89966596911781,mango
78.96446074864262,61.366414090987156,99.6634592202914,6.482614837471185,27.176153350335664,77.69876135413256,88.91776313109278,mango
116.10432915861358,20.537316738137154,95.53199792564708,6.730709496632683,24.94522187672076,69.9591469437822,77.97527528849629,mango
111.77777623465565,5.0,110.72118474833418,6.429882782644483,27.41491542172876,76.21545353883863,102.15830122238316,mango
120.30180471431805,50.19857493915444,121.65505478749358,6.587413695444784,26.06437017407368,76.98253666542668,84.64161902866044,mango
95.36400644892609,36.07235113212402,99.47355299823109,6.243820127461984,28.5809214827527,70.44159394024071,110.97416515397701,mango
75.6176159470025,21.648318407349507,100.48958255036307,6.8412143292886745,26.79893874520437,72.483782033446,47.45472414891706,mango
82.64587904155793,34.83756990434857,79.53841009272463,6.340436674913201,27.001834658171717,62.141405821785796,102.10711924723613,mango
118.35904516356835,6.428700024925494,86.0144313522702,5.814266826651515,24.434817274903732,76.13110781257919,61.722101154502866,mango
106.91195865423951,7.164985225773837,111.96962881872858,6.333467231621495,26.02433936456581,69.25700398885557,44.56902958215432,mango
82.70373502390326,44.51691703505139,105.98488236252544,6.815014712466028,26.649316471005037,71.14392507847373,35.47978762666467,mango
95.94449954858246,29.58923519394384,129.2966079740886,6.706086989629603,29.072122363419055,74.78030164715783,55.77393546101041,mango
101.75686324224777,33.543354693963494,85.91266645343977,6.384683787022124,25.588466012645657,82.84495866052094,28.38518949218043,mango
118.08727631074065,15.94807147560926,79.41881219095579,6.853982639011539,27.463796138468762,80.03614961904952,86.01403895091153,mango
130.89767502606102,38.38085755416728,97.65283935815262,6.602877913196402,28.48693825669193,63.76499739791906,56.96222834937238,mango
95.36559978103139,5.0,102.0711761262632,5.934161388814692,26.10611862586524,76.922318049082,60.46247078712329,mango
125.15673805280306,8.092486508722683,117.86891022447749,6.7025411169220765,22.567933503378622,91.68635439232426,68.72509428992068,mango
86.83773966766552,8.893692078239745,96.69972958510489,6.461777938283012,26.20529105707933,67.61763075020832,82.66450620230187,mango
94.18555251005131,5.0,97.75957756525538,5.789756703988017,26.70754126178278,62.16559815773892,73.267207098316,mango
119.71112472286906,15.768769570979998,115.91884387768177,6.369983129994154,29.506389604131172,67.07877909441429,53.19014028986617,mango
110.30857675592932,23.46315405564546,87.37825728806487,6.356648044788862,25.910786935633997,80.73744104995883,31.31824509080846,mango
100.34620988425631,39.37355391981065,102.90172862487694,6.89295955083006,25.851309340482953,68.52358846251244,81.84659094026686,mango
101.48970722427025,24.143868925792937,107.74216059379569,6.304241512035007,24.777645695961347,65.7760478258751,97.06138320332815,mango
51.684754660214296,35.933982521444136,100.51407721300333,5.9957388622285634,26.619453558272003,73.80601593465225,81.792784627148,mango
60.22257905432576,50.49584117781657,88.93394942972739,6.7059703240259525,27.48214756136457,62.986423315045656,83.209199047031,mango
94.21760138631463,5.0,117.51612888291669,6.267486511095128,24.291013074523892,66.77547305570623,75.44473450654776,mango
99.14094383766846,38.22100387060756,79.90765950207012,6.27728408887078,25.768005855356932,85.18309834126964,67.72374923172484,mango
116.27833395492448,30.578327531764767,92.74512043843647,6.4259826727656675,25.66316057594224,74.8291659116859,97.49222535153109,mango
105.39521271529482,47.80616518112633,85.52815393555471,6.375610847355791,24.551394931584667,72.51555672699882,62.82083229641172,mango
110.94659405551293,16.034974325513378,100.64546459981922,6.706057373303677,21.86939444991878,86.97305045864162,64.33696230240248,mango
69.6244012948574,32.37140847865179,100.50165201959726,6.475431686128252,27.982382225853332,75.97955977141645,75.95752382047691,mango
106.75233450919971,28.4346232584287,126.63236273860073,6.05624119449267,26.279303348431792,70.52019704951024,86.26560812129186,mango
87.34219183862652,5.0,102.3523452414729,6.584369147665582,28.9791988188953,59.83710362939931,93.0938753343344,mango
135.51121546040682,24.333526687162845,80.63586670760164,6.377907690087989,26.028009934742762,74.51030300005532,58.17210540323905,mango
123.32797801221014,13.282015274879075,73.911922717408,6.832013127286195,21.4507579375876,68.36696184901827,132.35362258416095,mango
99.81934670560102,13.188485239556258,99.1390380431981,6.73475976341414,24.321299880706235,60.298103857276956,29.217776632645215,grapes
125.3132208285519,33.67671426558927,110.90191069602706,6.561555180073308,26.572764273991066,52.94358072949548,55.551050269870636,grapes
86.00340884219337,15.046025603968097,110.32307959679324,6.6169179509377845,22.292353824991245,49.85453326378376,63.979061434348424,grapes
90.56443208194584,28.23517602596754,100.22541625430645,6.174795334196911,21.057747189252964,57.6902231139805,35.25941277694606,grapes
115.85087366920628,44.50210656375816,110.78752999533155,7.2959315361937795,23.833821344513634,60.191055407230714,38.311980468079376,grapes
136.78554869303085,59.754504786540295,100.17820651776688,6.8659758689715575,26.718595198729613,53.82288396148714,36.86751858400591,grapes
113.10984626510324,31.176588691255052,102.7449167446789,6.49971859707961,20.564655703273207,56.88913927903281,68.099240829884,grapes
96.61289876385938,51.546442793383,89.44125511876683,6.433588663510224,23.865539385607736,54.33925939718968,65.39937462670446,grapes
88.37555763904022,50.52141355222347,129.5037544376238,6.738256791909498,26.499420840368636,46.548023434997916,71.50443082363832,grapes
115.70914612839194,42.95155920284818,99.76655366694558,5.863725317627391,22.71654571269574,49.99267185852318,30.434901238790452,grapes
101.833645068206,23.71554831718148,87.63081985352467,6.432359955525654,22.568974029029544,63.97199369479942,36.77949890745012,grapes
92.27591940350091,23.149535774651305,105.0849027071413,6.88687484655856,17.910686921513676,63.17308171062086,78.72736068487508,grapes
84.24720193957496,15.41552632897748,93.24619918332593,6.523198794163019,24.447853747893213,39.42779770912909,27.641447839265204,grapes
123.08795800262361,16.076700489779732,118.65142417154388,6.856601458677041,20.381464570823482,60.08263356172965,47.646653956142934,grapes
93.1679941562539,33.674356397580055,107.11950228350189,6.962277546592386,26.356505695096004,58.26508730222685,22.487318224272762,grapes
92.89531813523213,74.14572502902932,110.86736590572592,7.460786190243449,26.790868164398372,56.93441657244599,56.02814139562235,grapes
99.45129940184731,5.0,100.27070878702337,7.1132023657626595,22.800720010357594,58.29562399249448,67.03182091786394,grapes
86.35479341031287,23.23045703484503,84.73132764284261,6.503350317993178,21.424789432693878,47.79641230897579,78.38911361595677,grapes
86.26784456364561,31.89688828591035,92.45696869493567,7.103659781111082,26.62232459320723,61.912559857111575,56.122691062055104,grapes
96.53410694738652,12.121879437131252,129.15293321683296,6.522098094674234,25.327292694065683,63.476524580987174,38.89439006189341,grapes
115.57018790973943,41.46319805008283,125.91945753072648,6.609196060071986,21.42827196544057,50.95608195644391,54.17707085068663,grapes
100.87319090627585,24.098431555881742,71.36203811534136,6.891144898838732,27.9446889581644,58.71400990498403,62.18271038107027,grapes
108.58667959232653,35.955700048236,113.97498950302142,6.8686121043557,23.37464566069345,48.63208871992997,45.02052689438649,grapes
104.71194244675999,25.2587555831554,104.71508024697145,6.8817450401101254,25.666358862540363,65.26235975071184,51.56014836957715,grapes
80.38335152278509,24.82343854771215,100.66093851109899,6.199269373146873,26.777329040204965,56.13902330008373,57.6270566916057,grapes
120.48289693789398,20.547857547864798,108.61062896326045,6.717040763069419,23.63182626596816,48.822460897564966,83.31206427373056,grapes
94.36749939886644,40.49196370343553,71.87488918792096,7.103996558906936,26.104422311914117,55.77947288237842,45.46115067724151,grapes
106.00000008420349,64.33185991320434,73.55144951644772,6.984608216272238,22.176765395692193,54.84065282960215,45.04239761842674,grapes
93.57522613303367,29.84302306420906,82.98743282083313,7.05875413083839,20.4117129776028,59.31811610262674,43.46928294930858,grapes
82.4361265928882,33.035750558980425,76.64573369940283,6.76191414651589,21.15424618437689,58.69017667454265,31.512853327392488,grapes
93.23508974456036,34.409240819147435,88.41186832236646,6.7326108000995095,20.972338997510292,60.047004828769246,85.29827611101543,grapes
140.0,31.36752219999659,111.8230621119578,6.215812298127753,27.005468652611178,61.209828037792846,40.32133110097534,grapes
118.55771200433514,26.182858850319878,93.12962225478165,6.892600477628247,21.873291000339364,63.17299811519958,28.880203761463132,grapes
84.2491781526522,16.354653173874986,111.39250056274183,6.564967391544088,21.30400843126566,50.15456000051361,49.359152586390266,grapes
82.28541274503422,12.724783364484846,131.66944501149376,6.491830378855834,23.353915262453988,52.06210399360571,41.57286384459116,grapes
109.32020109953653,44.22214425708074,95.41068352702612,6.379056514022295,26.548880455697805,54.23727127042654,84.60643629714338,grapes
66.31621153652256,32.931048319249804,128.77909500814312,6.644020759368552,23.549013153330726,57.36409353272271,38.824083622300854,grapes
95.318921019209,24.932773587128956,90.5886889836044,7.118656965060167,24.92215606459287,57.005025856826414,66.17142013780233,grapes
96.03466250194799,18.386942724706493,90.96063543078164,6.750534912331383,21.881576583254194,50.9979118673066,39.67766716257131,grapes
131.8683434474352,5.0,97.3057041789155,7.267708137844431,24.24368892826491,61.027339787368746,51.99652630199536,grapes
89.9899992817528,5.0,103.08183530554454,6.5173180186192825,22.39932918766939,51.0081019521671,84.89722813246988,grapes
136.07256313380958,33.25811906292601,93.02849164132408,6.396832074764637,24.93708032309214,69.26324480052115,45.05319225949687,grapes
64.31505938870163,40.05074507723286,114.78099567175074,6.274246307884246,24.352968367325907,58.60980812908879,48.53785395982123,grapes
88.1384362137197,45.239058353453345,93.94930381046976,6.304444151190021,19.90105102866064,65.08679615999448,62.33327952942236,grapes
101.31960320693753,23.395880447237946,92.06502378695309,6.427279005467517,23.13708871088023,38.03930227903861,35.278726930629716,grapes
95.3359372547336,39.14820070785628,99.40110304939954,6.988476934162668,26.69827021022686,63.465360750592815,59.41019694757114,grapes
100.17794018771177,15.288179873796611,111.09916077068975,7.253924214666458,24.684212079300835,70.33807318740898,20.0,grapes
82.68754922830688,42.82802261622394,103.96435315229877,7.144134652971542,23.969056718546522,48.056196619773345,45.72813515589915,grapes
77.00974043614399,13.07113990354448,114.58665996877015,7.011836224340883,24.726008569612155,41.23137983231624,42.83192848974223,grapes
81.62500167009924,47.647998806816474,91.24416799656098,6.424275686765535,24.05959233024285,49.878764345323106,79.67487820407413,grapes
88.97783653698714,9.011576111630532,67.70629726363727,6.740764049275976,22.876139772284148,43.56876314790618,73.7845292251157,grapes
110.00867721143862,29.576731815941553,120.464893662563,6.948760810019584,22.354288196963136,46.68623868807387,66.35963088907722,grapes
105.94550434701027,32.54621651955993,87.30253295696639,6.932384270101726,22.4890022337321,54.184106763250576,78.9388829277396,grapes
90.0874864628478,6.405161143907087,84.21179212194835,7.048289648006287,24.50946227476042,53.96898097048997,39.818123893768615,grapes
107.28039861329785,17.263427235146647,104.58498352963893,6.530623629356113,22.204681229449893,49.90010052139991,42.49185107032076,grapes
99.26755246099445,33.53183692666671,44.67452062857334,6.50770483267597,23.216860045287923,67.04049630886664,28.399947832357356,grapes
102.44194927149869,52.425454646037565,80.30547205079091,6.868192567759321,22.39545633213096,50.96293006168612,33.93778332093371,grapes
89.02214037376172,70.8286822185974,112.66683808107499,7.080521358535862,24.98398697367299,42.149945692784335,57.89915940646614,grapes
116.0939442176102,17.19900788941333,114.4799000074169,6.961300862956223,27.70408008962734,51.65773589989105,28.047780354485464,grapes
94.57557835941182,51.533564897454355,72.57391178737055,6.12948728537069,24.178790557863227,51.45928565780675,50.154557863513695,grapes
114.17967656853799,21.711459808217214,71.90491253604068,7.363344467159983,22.005543425122447,46.52770302390322,72.07440027445193,grapes
94.23266318437723,29.04915221947784,107.24185186090477,7.075074930932999,23.333078613636456,67.15961604731439,20.0,grapes
111.39680855429616,17.40708662973514,120.58406974911986,6.792613343649164,22.654189335981197,60.30272874417306,67.86376694414503,grapes
109.62841184287957,14.554556405504094,92.73974314566873,6.748778148863569,23.91748069469988,60.99796380350678,20.0,grapes
105.01490581830255,25.6502796834504,87.42249075424071,6.52725396666912,23.57092467096407,26.191319164323858,35.974208584169,grapes
86.8627776303056,37.991748139839366,87.91709976234219,6.685465859948853,27.084553255322604,62.95481215852339,68.04542799886906,grapes
92.50191354383722,38.145484189344785,96.49153299319609,6.691172036796918,24.819370687493098,50.22405129263254,79.86006208886407,grapes
97.59804790603094,39.27540849389497,121.83400718885947,7.059496132372552,21.18216179461895,58.55916716007907,67.01438788921294,grapes
113.37794533241123,13.300577488280531,90.14447144474013,7.048367470722487,22.476479258634708,52.60243154668549,81.51751619003939,grapes
99.28301124422815,19.098387932492354,86.83573964705643,6.849815798875556,21.33370398304558,53.02131228882865,56.664610699800434,grapes
119.48724730821502,40.01322120554994,89.28902323026732,7.103525795269116,23.400969924905045,45.11437582360473,46.55917281469055,grapes
121.57253801718554,32.478600750973875,100.18782796494679,7.2411634934108555,21.137290305891145,44.715207087577824,20.0,grapes
105.58972279720082,32.49739690672687,123.14104550919664,6.823042523141031,23.191685681041395,55.014358983024856,52.35414836921916,grapes
74.9235809000775,70.65497466502339,107.79806527152867,6.813002492406777,25.230327968557162,60.67528784469284,47.188930289951365,grapes
90.53138295638949,38.99176029482556,105.78566260797179,6.507032970273178,26.838071222734527,57.34681629058387,64.59638724535262,grapes
120.87881331519878,30.328332317472523,104.75428010476173,6.993008171551835,22.550277832399896,55.432413302768005,52.51097173302296,grapes
85.65912172474908,64.76455183010818,78.89059834761396,6.360568828893853,26.628453151407157,60.70613000637234,29.48070365038444,grapes
109.10933522652539,52.01775667495964,99.54605413604521,7.529646870022375,20.55187637826393,60.55058763087282,73.33056672442007,grapes
113.3701585240787,26.934664100315274,95.64337776983275,6.883243551326177,25.63150897330414,59.8197874902589,70.80115781586778,grapes
84.71695064399897,26.58343531314548,85.89976101814369,6.634166167174158,26.03044178362861,55.86387136580183,102.13718326299539,grapes
102.90109550784575,30.895378208696044,101.59274379160324,6.5586573921420195,23.884326775244812,64.02230421689316,52.279413362555445,grapes
88.09810405174792,16.123730692820473,93.24697162501235,6.772159030323264,26.387173070952525,44.276090869068504,43.60347444222488,grapes
102.16465029152619,5.0,87.49602575550391,6.546033438079144,22.408059252299005,56.53511636017318,46.788807809964055,grapes
91.67070846098446,36.419439398289526,125.84612076469375,7.241776955022526,20.154456455875327,59.616577470681115,46.43953419872323,grapes
102.32733014298034,24.025754496861772,101.76382944830803,6.795422218821606,22.842096485302154,47.829059617398556,41.02608634761032,grapes
103.51388896685148,38.98494512526396,112.8002346601022,6.6017429930799265,24.567689134605473,62.70002073562639,73.31189790288256,grapes
99.11750718802716,26.68602412590581,32.86686350754588,6.155087758130779,26.112780977928985,70.95669118778504,82.83894258887402,watermelon
95.94598593454167,33.2657730163075,17.630244895639688,6.711047644467508,26.344357127727054,62.79238838643089,62.76552327813227,watermelon
99.05659199650212,23.281835326020627,39.872145540038446,6.381414935595146,29.685928192054764,76.72168402785104,52.169130202909905,watermelon
101.0455640414392,20.240150679957075,25.10028655217083,7.100728240293439,25.884857165768402,67.88180829661943,80.82642588016557,watermelon
84.9905594127514,17.173567883861928,11.909664428878216,6.234208779830667,20.799939781365637,69.35665920634902,111.0838768251214,watermelon
102.2173110855479,8.75596710989089,20.358354256500782,6.362336946492501,24.46483044557325,71.88146110716126,86.20520088750668,watermelon
82.6682230927351,40.87621566671262,52.902189953658976,7.070767461568868,32.230424046171926,57.78405880445442,126.48440852790407,watermelon
94.68690417236817,21.113018169292285,34.90608562316768,6.325381599772096,27.29808828129305,54.43938249810159,65.22494795873132,watermelon
119.28373351542518,29.14408062853266,32.12393680109824,6.6425775814151935,28.84132325863532,51.758202302484534,81.6904810367487,watermelon
95.97791291137355,32.49956842967758,45.89925254643565,6.141744004576447,24.47471111711382,49.51656032228955,59.01682116472447,watermelon
119.95648516568224,28.191192172897956,9.898126565178213,6.354296376627486,23.524276593018755,55.99851118615071,77.77637820527427,watermelon
82.39190010540958,46.689514578049526,28.93319563754496,6.525678411183358,25.943254064784213,71.18278270834979,85.66319775554021,watermelon
105.02581527868257,38.47183658861472,26.818654951193615,6.662660902072714,25.824244449052387,65.01785297729921,64.50712501267405,watermelon
93.14172191021206,19.663323034173146,37.015351557883285,6.893181773844039,28.84220394333912,54.94747731243652,95.78406102813747,watermelon
95.22762247573107,39.01099522718388,16.406770019291834,6.542593974162202,27.127446365793816,53.12316166464278,82.16534332688379,watermelon
120.18902511757473,27.38028081477558,50.402521962420195,6.443091951964278,28.199169062093233,47.25144027239121,118.37555558626927,watermelon
122.43187367864435,25.730617436194816,5.0,6.586408510491647,23.612148905852486,68.55882830045991,78.23131438328564,watermelon
85.87895246496963,46.81450535421567,42.0836205420926,6.792747001186569,26.51771540733779,53.67580746469035,89.55744544422275,watermelon
95.94442901296313,9.153297852109965,50.28059048961489,7.129822256150753,26.417503742041593,82.27296923682633,71.826294572227,watermelon
94.29316143750474,20.543123187217837,54.55623611989114,6.265956835583668,27.970538619949973,60.526689319526334,60.79386474851274,watermelon
115.4537454095435,24.299447305659697,23.9280693086956,6.839841409152442,29.694794586443248,70.15751842627387,56.90460448752101,watermelon
92.34087251053631,31.198728956100563,34.813950928884864,6.203640226958068,27.94607587915973,65.6841066371168,35.685833627237415,watermelon
86.06610276308905,22.438069895225045,28.907134667384174,7.066783638651199,26.976342612279257,58.273824880811,74.41261608614326,watermelon
94.71868378819178,34.87137359300313,38.70851530553422,6.862769194167181,26.451427008659948,78.11168422079867,88.16045325072383,watermelon
89.38840682781718,63.14783498622696,34.90491769905147,6.249462648808329,29.805826102460845,81.62222068158755,69.33949472560879,watermelon
92.44524609436606,27.41437563819507,40.720975912765496,6.883356996509154,27.640974661727146,65.81378566777416,99.96023540608854,watermelon
95.30745290422716,45.46379007550361,25.67905802473082,6.629306887403268,26.2728748704191,64.55318253877752,62.4522696507558,watermelon
120.17281046771042,19.006109428371975,18.896516211769374,7.136298069753533,28.455695129308662,45.91909041045571,58.69482521579193,watermelon
72.82015993656918,15.739639598771173,5.0,6.458903126691817,24.216116361677376,65.47924205437151,37.497574822349506,watermelon
101.2436777975806,23.77625582819509,52.529294477828934,6.923407058523687,28.070691206020566,62.3870897547103,109.70760790520586,watermelon
76.70447083240269,8.94662055654506,28.74325350166403,7.176211432676336,26.095322186259825,63.53403805432575,41.161792877763816,watermelon
114.18894377905568,44.29764381494031,41.83612802099865,6.311233798145791,25.086586463253987,54.65502199676024,71.67745003521867,watermelon
83.79389006082248,12.338752421260672,23.64463924633986,6.353253147444735,25.42404294235609,68.7315567747221,71.58095604300559,watermelon
95.67765954233323,32.74519392467223,15.127094383430517,6.5315835871729035,26.801204985689267,52.975625125140155,89.91387508740723,watermelon
86.77849442159507,31.354646988096526,47.46617610802905,6.7777030273141605,26.568666777137672,62.10000797694345,88.95023817151134,watermelon
110.1204246671293,20.72452469933805,18.076595294974645,5.878293445491201,26.808063683367173,64.33841803985281,92.72382749285084,watermelon
105.3858264022055,50.01343791259036,19.539536581257437,6.8414450992902855,25.44216724179069,71.22076849433817,40.824832149386125,watermelon
103.52702949049282,5.0,25.99293771087368,6.632106198163374,25.458062897537808,56.596498969952265,86.92236938591867,watermelon
98.44805815229614,22.656440294539927,30.628438817314148,7.291000742583677,28.80700569956309,74.30058934550271,78.71092637984728,watermelon
102.49727908865721,5.0,19.815294803053018,6.355827676039258,22.750215871904935,55.74067367827653,30.383270581547322,watermelon
99.42514246453942,42.28148956273224,46.60161777936493,6.624435338623773,24.57320731760286,49.543478731840324,34.862626011969965,watermelon
80.96526134118253,16.66710452946488,27.6037725301262,6.195750734561909,27.17795178733652,63.14181197760422,70.2109142348205,watermelon
117.10375829006807,12.296523986994448,36.28056867438553,6.4958080314571784,25.83302743806061,72.08205056692768,87.58028309114015,watermelon
85.80263806017358,27.26759124213114,34.21817523876098,6.418097975593224,27.670042664575597,67.2495361432822,106.65122480712026,watermelon
77.04581296105319,28.16346015378904,16.372462327317134,6.681232236631713,23.265656219908912,67.77050168179909,57.39903137303318,watermelon
88.98757200818478,8.302526946889692,23.02386080698491,6.825350159087278,26.44962263294104,70.0214433429958,103.2928364393255,watermelon
103.95633377233864,21.61800641906489,37.008783227741844,6.336711156105713,25.49115463340566,52.84085760304812,88.52514982168785,watermelon
94.20996136525841,32.73147368723793,14.460571070900407,6.630784288914642,24.976117523729833,63.86633022638541,87.55652062478252,watermelon
111.86138968348794,29.669548912245894,5.0,7.397843171018192,29.991717940546273,70.78139859910638,54.935924368180586,watermelon
98.29611757447053,21.84869355335225,48.95783908644583,6.57875086725555,24.931672283280335,61.233959207001746,92.4237628513981,watermelon
124.00146770230717,52.924973452293685,41.35548097580966,6.424212539359209,20.01697234934176,67.37728019046577,69.96342482311799,watermelon
102.0997314448203,30.808460205498097,10.106067570762644,6.667222567055355,27.7644326280637,70.45871025647727,88.93154007146774,watermelon
109.06077467382434,23.849558826916336,28.937447281258645,6.527337460176013,26.715398898213238,72.98574124777383,82.87337506044982,watermelon
131.1601515935493,63.09703469827008,31.194743739208874,5.349003335462189,28.973664932254533,60.67698928810356,53.97032156337986,watermelon
94.0233208751595,23.300354297780903,39.18404715158089,6.032169266262132,24.344558508416796,67.74526843357933,82.45888060826616,watermelon
109.62312467404018,18.194455816000513,15.326015261006399,6.348009549863624,26.97974550456945,76.8838189541804,29.051256284584994,watermelon
96.6890686456245,10.009823384621946,5.2163598396976525,6.790086993603445,27.58924914899868,68.5954681275781,88.42051679461987,watermelon
92.80421654850795,23.510437254997075,62.785959250838616,6.426028683722127,27.97026422610818,65.05105232770651,33.0348293984317,watermelon
69.33056494298097,21.31523670090143,45.841518775049835,6.736487496990801,28.32815432844807,57.10363056850948,102.31744980244628,watermelon
85.52660049720424,33.19236598004953,29.84471565138395,6.447837853905624,29.177184276591213,59.35911583867232,43.00789488576144,watermelon
100.29993229309629,24.002598985702104,80.66074378623969,6.7029522429319925,25.68131884956275,56.55110744650331,32.3942317886243,watermelon
84.6217137139385,31.724126576386976,51.40992977392154,6.8365067427163755,26.95818966329276,62.41465867438012,75.37624712824308,watermelon
92.22043003773136,55.775459936458134,27.1621472808738,6.474098642525982,22.068355149958663,63.43652122781789,86.72968275929883,watermelon
83.98416134442182,18.739194982607806,41.89066526600497,6.057002832944584,28.615602015083837,60.742848878615185,62.22863559017594,watermelon
83.14182392311609,35.67069390641825,66.89807977544069,6.73444917183819,24.77142947611893,74.08496468393182,63.66640908131501,watermelon
120.6172747214134,42.100146032465446,5.0,6.198776110113492,28.38877044567078,66.21325817716014,49.52488104584299,watermelon
90.4961572675928,5.0,28.67440068710406,7.163206917804729,28.10986678146465,82.52333600950739,87.6479417957996,watermelon
115.41219015029037,59.61118031617536,35.658948890133395,6.443831803547936,28.565315033244026,76.63072189697507,60.40070714575582,watermelon
89.17646376489957,32.082840486463205,42.47248300397493,6.739427314598468,23.6516647996248,80.29284853650657,57.17670141206299,watermelon
96.02402504667131,16.460184600182703,70.47493253905631,6.57262120108639,24.79804983863687,71.91138839969956,85.38271558620066,watermelon
97.18409464630174,42.60910069175075,17.620620587537033,6.352124517515224,22.479566690867873,54.408391326243496,106.15261611341371,watermelon
124.62142941583471,30.98682972973444,54.94397170784757,6.451977654017509,26.013179394864185,65.45208518772445,67.50156809352869,watermelon
96.7720551465973,47.15097160724329,32.252034809343044,6.713744529330142,28.562761050554663,68.10548636523787,50.594573481835226,watermelon
79.70701166553943,32.231709522109576,27.43115542762598,6.526217428676037,26.467891921502826,85.66858928133254,43.395474887173236,watermelon
70.15080595268313,34.985652502794146,24.353661681177073,6.594820360918986,27.667766044568,75.27283756143117,39.855483592321235,watermelon
91.64923153214255,36.43141888321146,41.5569539353084,7.158034865086516,28.411407942227733,64.54569123290979,52.19128494114677,watermelon
91.53565220921472,21.109457655643403,39.828504427706406,6.5770992336757494,23.852700858315643,61.51278824727654,87.55095106902841,watermelon
105.27493532461088,38.52966924019156,35.743825650858945,6.987929220382658,26.97208612764874,61.911817617034416,51.68489917732879,watermelon
103.74414187314568,5.0,27.23566497250932,6.438248042023597,23.77105829276544,57.57387329075203,86.19315060296482,watermelon
103.46067623612444,31.52682500560991,34.59521300898034,6.527788276384677,28.98572512571663,65.9874334536292,40.83573772362499,watermelon
124.45194947311616,35.555104009932684,21.161194038073987,6.123979484511494,27.291828441916092,64.062623960205,101.48293572064817,watermelon
94.81139078999759,17.439288154763,43.43694327353893,6.777584567815049,26.83730273522039,70.41085638139927,69.24625758515525,watermelon
103.50797651513871,47.474863238458845,39.37977501032255,6.4492176685002125,29.2047250918523,46.081157017667906,111.04146622843871,watermelon
74.41061357663898,20.593607628415562,29.386236972073963,6.456055798781551,28.51282208005311,56.53730705111813,75.21533634966127,watermelon
91.32681852670369,34.42711469006125,29.02841610303185,6.527880695804893,25.40015033507131,60.91948839923134,75.74545028054854,watermelon
114.15573258634066,21.025809987032282,16.968486831406352,6.6840380497015515,26.43499221388462,71.64398507188761,51.884055732577046,watermelon
73.30841611864854,52.00493877260499,18.504710861024762,6.47636347997591,25.226309571459222,70.9281356106916,64.23699475154967,muskmelon
102.25711748160852,62.36451837661416,32.92432638618281,6.492761266863508,27.521201380820628,58.63475892939354,97.98835853307766,muskmelon
96.45193924947198,40.326762931519774,32.8211003548766,6.244645855265754,27.830669069017752,82.67684460833902,54.268558168843,muskmelon
104.98558499835977,33.66741616943059,36.808578441620206,6.234285860060093,25.250330763131036,56.189708081281374,84.6430245210947,muskmelon
115.10956536209893,60.35077821987762,17.033599419964204,6.976856910831159,24.99917974449069,47.703741600580486,79.16778019914136,muskmelon
83.42837989537725,74.82913190248762,24.28293454989872,6.681113972163259,29.303000693104316,55.329129083034225,58.68125738215189,muskmelon
98.86493391014405,83.06326978551516,20.12425923089332,6.321648891215298,27.456281151111618,60.382170194315435,73.05051765795233,muskmelon
76.7269386854781,93.21494913834894,9.784361545358948,6.403474188802938,26.43503792831581,80.30150507485436,43.5030843813452,muskmelon
129.75556203218127,71.35765231653033,36.25642986634869,6.204609893894613,27.642282484076148,59.2121070206416,95.33322506396824,muskmelon
85.434069563384,58.30262258315874,21.67090367980243,6.203743111271901,27.98263963381583,69.28366997927706,94.18020397801995,muskmelon
73.3018733768775,75.96256053511566,67.58173358035341,6.364507673246916,30.29029722421794,62.89470982352139,42.55180524877386,muskmelon
95.41551336389807,75.72305951512914,17.42735276502703,6.319898402298054,27.687078864586383,65.02448093390858,81.69245904973482,muskmelon
103.56744311137504,67.1943797932736,23.515482212856885,6.569519282609118,24.645253988608133,75.30746898002711,57.314505663653726,muskmelon
116.93271231324084,56.49589558525702,33.02998516135982,6.35151063473279,24.46800913766394,51.041916899157584,48.89351682815081,muskmelon
95.14136720176117,63.17818768243326,45.15568969924895,6.366272762060945,24.736078471465653,53.4582817119783,79.60127235808207,muskmelon
120.74791772994016,78.99495401934433,40.648991222208565,6.69156299518028,29.89524755941868,67.65665169133449,82.92259352048343,muskmelon
95.18824207222002,39.56934943717864,19.742266492506356,6.497252288439603,26.621570745002607,80.41028683884315,71.62554335182138,muskmelon
117.68265166038465,53.47384137635526,25.324861713521486,6.101297708832965,25.015343974246857,69.21585113091002,70.15120360788266,muskmelon
114.14407929845851,62.718809225175754,24.71319402543387,7.144489059136088,26.312192862573905,74.30400775764244,61.97581586910645,muskmelon
110.6439921907535,73.9202348872753,33.12737955863371,5.793655123191019,26.536504921712226,74.84368038207981,80.5496166605546,muskmelon
106.6875831284387,34.16614599063721,19.193173939874114,6.623407289345431,27.320766553573783,74.71733424106321,67.10266489707811,muskmelon
106.08736130010722,60.24561362896941,15.195858952476648,5.823262600671576,27.362019384260154,66.39157766730249,57.636499157996624,muskmelon
75.71240415226202,69.44609271613108,26.01119888706672,6.6670624167104435,30.228097060823515,47.86855295744236,56.00798382595272,muskmelon
96.8593658003213,81.82239261219976,5.453954711902725,7.080758307704182,26.771711803132582,64.23199470612913,66.03880473562187,muskmelon
93.45605451729956,75.72175138903732,13.972188688763417,6.603624254493156,25.73163666858605,58.902932411887214,121.71950351367792,muskmelon
106.2857610213019,69.19898316991716,47.06665171002993,6.073595016404436,30.004583818244065,44.9283425720394,54.62467179922959,muskmelon
93.11452490231649,68.72585047455759,33.28077399212231,6.449955577790482,26.47600531074455,57.175815811819454,40.055352110316534,muskmelon
110.8976743350409,70.40559168804278,53.76741562735588,6.2629948709554375,27.885630420601846,62.73034617308215,93.80949970386965,muskmelon
115.32944165017213,63.16814098836685,24.907047650010202,6.788279653582478,27.793809046513132,59.52447678331054,43.44402653041138,muskmelon
95.67200648977305,82.73120723022313,47.197307380995575,6.166301759098825,24.16448516820016,75.1974707974359,47.28728190484342,muskmelon
107.63942985463012,50.75893176995514,54.25567386782524,6.268872560258636,28.786723060411656,66.47886923248292,75.04389708468574,muskmelon
70.44537127972899,26.95629970191422,26.69151089599029,6.574071819024984,24.249604344524553,56.290452716189264,81.22945259652266,muskmelon
108.44281720685696,57.933884094181096,41.70302581779113,6.1477393112839565,25.788130165826058,78.18302084626939,71.36644259879635,muskmelon
101.89468771880499,94.5891987895161,9.009867512268439,6.738929109992633,29.8279725596162,62.40113658801163,87.19261573709693,muskmelon
85.26970754183642,49.699014066489724,35.77449624071451,6.739570001933177,28.74187302481249,77.55702869551594,68.65106882889636,muskmelon
117.90417632758883,54.86542734826276,43.53136967382402,6.562246639355655,27.39135581416385,68.3880629921763,37.905899804043756,muskmelon
83.1381721170884,61.53812159726284,5.0,6.749363330959927,28.243111932576284,67.61736442302232,47.57731974484156,muskmelon
120.70208408302773,90.55815959577536,32.20615241168961,6.653160613535371,26.903477309592088,69.2429535119904,67.60882486747208,muskmelon
99.48153640234295,73.58576400746048,65.1843624284466,6.079978629679478,26.292375031194066,55.55631611814334,101.84049797152167,muskmelon
91.18393046020152,38.351988093213095,39.5728049827286,7.023293334422934,27.827195737121524,66.63838301825534,78.18281845551988,muskmelon
121.22260994238331,46.88701094978775,28.322293438705305,6.36419295544714,24.16426938541658,62.37299792466558,92.15442191964897,muskmelon
108.49903222589089,69.66465750162301,32.19713417479977,6.656997134818576,24.89881931530379,62.52392091258216,73.84008473937354,muskmelon
104.16273788322836,64.8028178238281,27.92497076975433,6.386772979660901,32.815542566088595,72.25429818345918,78.26294951905246,muskmelon
96.5018725269041,53.23171759584185,28.037991094095666,6.587848653076005,22.739128911873838,52.44488323700253,57.26235222122085,muskmelon
103.10709155167852,56.410902792722226,52.171818391492266,6.05528096390127,24.99730906079326,77.16073392792882,72.62238649350294,muskmelon
113.27263874201738,90.76870414904195,19.592933731472662,6.47020569866239,25.955146198138255,49.3632559641338,63.79206392488062,muskmelon
113.21593281070999,68.10884312718362,39.286247540820156,6.3873473058081505,25.18780552798872,75.15404537518896,60.053657072846605,muskmelon
104.41123058189821,62.450020210163075,51.92575524385677,6.791423707301708,23.90948275866576,55.49957466579968,81.57819636138268,muskmelon
99.0349352893125,53.17242324069354,45.234418259917064,6.556237814626673,26.604914773778887,71.2386291260404,62.49782010112871,muskmelon
123.5277847820883,48.179285651504884,39.85393599513132,6.930149851597953,23.7454090214558,62.25331859318041,92.84414785771116,muskmelon
117.35866821596538,57.42756599417641,18.979933594847108,6.786780746699229,28.86709820516321,55.68269321190084,45.92172702067239,muskmelon
103.378850229754,69.44040950143338,25.513963721549178,6.703788145994705,25.079726786325235,48.08245120741012,61.52197855334808,muskmelon
100.94848219769652,55.862400601553155,12.620951045107724,5.955305307236355,25.471822391264205,72.18124617319795,95.12394878827365,muskmelon
117.81570076207683,47.76135697277171,12.69440514554454,6.648990384493969,27.77020002319585,68.20135684160398,29.718734515244734,muskmelon
86.996731226748,59.55466814571032,37.30827291945641,6.730192208780746,26.78850704456408,67.64627045230588,71.69730916722209,muskmelon
110.28429061327725,64.69298477236366,30.98606490070931,6.419489360258786,26.662582850084963,68.8767310307142,75.34950777796122,muskmelon
105.7123962751788,80.14082792026778,33.97745884119881,6.305300443858052,28.26721357198834,54.07041329864866,48.37173238521426,muskmelon
105.03770897080103,67.74595001679869,11.324231647440076,6.385154755703975,25.287832335560683,61.10658941694722,88.87195552545892,muskmelon
110.59758195320879,59.713167302194385,21.81057109327608,6.095105098933958,29.340369877563898,69.73691120227934,55.86661791853719,muskmelon
110.79399246437337,58.94664569138062,25.693357427064857,6.630563458486881,25.01700350017455,62.24994784391912,72.42922128399091,muskmelon
92.50823210672179,70.03627815401286,58.03599755517391,6.273710560217857,23.16974940739191,48.986078660189904,66.99063717010036,muskmelon
90.05253114810726,63.11790751600621,31.988965080391516,6.019034946015771,22.870232341037187,67.36746592276876,72.70857669439914,muskmelon
93.61273002450173,35.142846223015425,37.07086894147486,6.881569863627183,27.055964880437845,58.220208875479486,70.89104331142303,muskmelon
79.50828878599472,75.86941070758189,31.22766501794308,5.96955292647403,25.898651279112634,68.70641208187385,63.33904758048955,muskmelon
95.86156417839739,41.63396689429092,38.49811480622484,6.305459239994259,22.187109245989934,62.02994103463685,89.62299431140707,muskmelon
94.19605830100079,86.0697747768528,36.43451922822776,6.60162744868411,26.243203468164783,64.45371033788568,64.73152729760992,muskmelon
95.4659591187621,67.96300743100723,15.962531553141517,6.1772318513827225,24.253609898249245,81.36523638141723,80.6068580334116,muskmelon
104.56738302520218,44.13727994559853,39.35013451012243,6.465028596064001,26.9283378822635,57.18703747309155,73.20537714835153,muskmelon
93.64249692690275,48.51583264454718,41.011595037108734,6.038687657440999,27.629552528628302,70.47588906842397,52.40712648897519,muskmelon
87.69507308301299,56.654614781003964,34.23054315693331,6.454143502455732,27.36712492038376,79.1038372202992,59.845664617005724,muskmelon
74.27230043944868,72.3888537454598,55.249718638912945,6.617830508915337,24.324502649292665,64.00886109411839,47.629530315767354,muskmelon
109.64283240944421,39.73064395952348,25.498068197577,6.198698652111828,26.753649370269923,62.06926658289794,73.53524206500528,muskmelon
100.33525832449548,45.20011458413835,39.40315595293533,6.485370304447065,24.5229419842682,82.92741244964634,79.52860333434249,muskmelon
97.70109169901042,81.22806790052735,57.627234140799104,6.456395173305834,27.194794972869524,57.095977455976474,67.05614498463977,muskmelon
97.01406169360195,62.77240550432481,34.991407179555154,6.667948534648418,26.97528531259992,55.314058986966685,51.2306578851783,muskmelon
91.8038857080449,55.76639112115157,45.7616143570817,6.151118303944126,25.7851699036586,72.6240759857124,64.00245051006776,muskmelon
106.90623474764236,57.906869356081444,33.851748859870845,6.431458236857138,27.834130945456707,52.639548740748516,62.7337598322291,muskmelon
104.44859015041462,68.0054287200929,52.39428934130741,6.382692599940327,29.458963523721746,59.72780938672263,96.57292823089287,muskmelon
112.26200690047558,46.29812130551666,34.60558855877733,6.484629249340342,27.75116918735,63.21382729253352,63.85507548676537,muskmelon
120.53641874144277,58.5191865831649,42.39633486287649,6.4323945544867405,29.833326518455046,59.57332296531605,57.7171293750563,muskmelon
122.86775771673854,53.32580413657121,54.01611459246589,6.767552173878443,26.190700586878332,50.49365222386273,69.61363391456328,muskmelon
101.52445080300137,77.5082659995656,53.82670764360168,6.294503846256876,28.102363527976365,71.1232172481068,91.4682540482089,muskmelon
107.48034868203317,30.86253463557345,27.668663512083604,6.153287727524925,26.09478845416385,72.84003388907115,76.10301671749946,muskmelon
117.2213629959615,65.1263088107031,10.52511090496646,5.7437458980281795,26.79761752335918,63.288588269190676,50.461085212362356,muskmelon
74.49059125522933,48.978851797909364,27.08262772702836,6.699763347111917,26.87726216313596,77.86453797738183,49.28791887909212,muskmelon
113.2158833808615,60.70948114693092,40.42003686177877,6.369045541020337,28.64336074778118,67.36179806676193,56.411100301645014,muskmelon
99.81963956630217,26.406662115943508,107.33767525956691,6.396066975187647,15.44129659576861,73.16245802119465,90.66046614386066,apple
120.20411866583493,41.610341611065785,99.8877880488888,6.815006729249302,16.091331102964,73.22639683333459,53.48684008670784,apple
95.47710556345979,7.733413977098607,119.17421421189229,6.731745143999122,15.113318100640754,77.17437865626589,98.4464959489975,apple
83.0704822843119,28.93641956208947,94.97249540160422,6.226640133418184,14.119447533525591,68.53167742386827,87.70098137016315,apple
77.76652864484038,47.274983745712134,98.46845411662842,6.761265922998169,16.301283276679673,63.69538996877063,99.12711946265392,apple
94.49388030972726,16.551216890292125,108.60171240033098,7.1975021576405425,16.949658746971664,77.38382052112345,79.58738786875402,apple
76.03570406247316,52.35206283149762,130.8177233410714,7.212842032130904,14.828428122040501,60.76292529016925,68.68634604360867,apple
74.74401148578927,28.38932072384932,124.08516937123682,6.707501210438327,16.10464580069655,81.00477571443366,81.918093763352,apple
130.53297185079393,59.8814161124618,98.03332991979276,6.576739720794236,16.894476092780625,67.21980045984914,66.86889565865327,apple
119.2185798028447,48.2467108091562,102.33267405645341,6.371140573881546,13.040947497565227,70.85783430735322,80.00257930989936,apple
94.88360601787588,45.32944732590005,110.99768976133836,7.163442804149284,13.518753553245485,67.2544674505063,105.17963390920225,apple
106.72117511519338,52.98570573881433,106.30805058856104,7.304432731231666,16.58003560344628,78.49733958070928,83.52970106431086,apple
100.21430817825984,43.664166057592126,124.19467255889582,6.968771084793226,15.333656456130761,81.01868023622673,46.16042687440238,apple
78.6664824773969,40.224513355025834,100.21162534379687,6.931654095337249,15.628815044863885,74.56756555683098,73.7119435801362,apple
108.55729129119536,44.91621792311376,118.30825905896849,7.35406628839461,15.988196887004774,72.19128869477743,59.536550716523045,apple
92.02882898292363,27.10376888990081,115.75479328414532,6.566699662773111,17.092680039497665,69.98702626429296,86.45663769770476,apple
103.73340953699885,24.132654416207362,93.56444127861002,6.238564228262966,15.00409158534422,66.16025483081019,79.68038021301841,apple
106.2530959388506,39.87947929185765,103.4829175696349,7.0486245571348425,16.65112385166073,67.63955048155486,80.7428742857124,apple
104.6923335515027,38.60650664852851,120.96766460547248,7.107351913482029,14.417053986985662,69.18394975898191,103.4203560983554,apple
116.01996667088457,44.08454203057188,99.0418325075298,6.373793204271445,13.502127247508817,72.18106811455532,96.84451158848691,apple
83.51980939848423,30.668544163339075,109.46836535457675,6.4046320027478565,17.709994403608828,66.9797508115214,115.15226225153302,apple
91.99821331336149,14.600617756737314,93.12794515237421,6.721455563076804,14.723040186457037,68.2719886274151,96.6793029935238,apple
97.432309453054,29.008314090719896,74.36160401196106,6.867509404803142,15.321593404616664,82.88234384386297,71.20869665492083,apple
72.87557007250729,39.27102740895063,105.197905274695,6.447470093840656,12.440502089991817,82.29917384547431,118.28220781213564,apple
62.68814861940806,23.126654561152485,124.96288082175849,6.60718123266664,14.518775531946694,67.73792537896506,67.58206052463682,apple
74.42836383657934,45.78820966102123,72.35594640628486,6.824181435632627,17.2731589855153,58.390189608790735,71.51463194809857,apple
118.19768782587386,37.9933758034056,90.74071439681668,7.110674701008351,17.913071446908603,72.15242154412566,71.99679544252675,apple
93.79826944792308,34.29580115933085,97.17107756278767,7.031687153470456,12.440451839781328,58.04589176747009,93.61742222964865,apple
92.62683379289643,20.594270779533886,73.47914921238404,6.7558637534394546,15.394489783998468,75.22783185561393,91.37812266241944,apple
98.01093882639255,47.65500955185506,80.31299044827175,6.910916765654273,12.157705670409303,63.29310495999354,65.74685734753373,apple
111.72913803177877,29.01884649606909,99.79745133110535,6.417980103681165,14.900613008134222,63.89227757352711,97.66910029708433,apple
85.1336329700258,49.946915478076136,74.86629325563858,6.508044050263032,18.854401019932194,66.51889001630373,63.70242671191176,apple
103.28607343806503,22.869116366781867,87.46194616572541,6.421238756760385,21.036747211251885,67.98758479852691,51.48865279334246,apple
122.40564638508302,39.16606357665856,88.50300353470318,6.470064273394158,16.846945592316462,68.02465338008436,51.48044363109798,apple
126.80859946907003,23.490143066760645,122.4335760472364,7.133530487389715,13.497980911034372,78.26551891490519,76.97114900272638,apple
71.99949119794087,23.631027509667863,105.96456252664419,6.611179005601099,14.885903318149797,79.14852835942891,92.12987960580183,apple
87.35052533072572,40.5304548550099,102.96513350431368,5.993518559561387,16.356705827542896,73.13462966172881,90.4024225916172,apple
113.37550871604363,19.914096235102466,105.04749683231351,6.279912188649794,16.314180766797662,85.62447756431916,70.10287295064919,apple
88.60296802018337,19.34976835662672,101.94997338702393,6.431089118143885,16.34249475738196,76.77471956375332,100.68694426907568,apple
73.47376861542891,44.92751497737909,114.0605112138052,6.999048411703892,16.24568449731165,71.76151451364106,110.64778796252793,apple
128.8527023140518,15.704393049527253,116.17188093692158,6.724134870597764,15.240653895942799,57.70775447694369,84.3042118096921,apple
85.04102563047377,23.042183557410816,83.52720424332776,6.615327483806098,14.687779285953194,70.7740393475104,57.70500275417338,apple
78.31722778382016,35.4287140609579,88.03842824394852,7.072358937068979,15.950539444030094,74.85409720165126,118.2138464084179,apple
95.35433782290141,21.382699418755863,113.0755387839822,6.902854069178906,15.125339380357397,81.13166373564754,85.75511380320138,apple
100.49160456333672,30.318339762513876,85.98109157652293,6.773275616845917,18.293520354796982,73.55974652300941,90.62126852797863,apple
97.57349078251497,34.963005426095265,111.24649942733778,6.932771649266926,14.836270276356041,72.59825275288091,99.59879482296557,apple
84.89207518709533,32.52345811775542,67.58044170546458,6.894760112946355,16.82068610912536,75.98036900629168,82.09906295660865,apple
104.63570252536053,51.35930768311751,121.20654472436888,6.741248190232032,15.77863926145912,78.88728915787547,59.98395969475651,apple
95.15386385984463,50.03355683305135,114.62800812527149,6.8607791332949715,12.488335189338759,69.6007181356707,78.20169207500135,apple
104.9655835422582,17.859799728076794,84.6141490753809,6.130540416694908,17.943609369953403,66.80183590845554,93.14291567405068,apple
99.96642825288728,13.988491005592508,81.1140263282771,6.44840546220083,14.053663122341215,72.93284997611045,74.08564672958776,apple
126.19735947391932,45.40726553839727,112.12539324498563,6.714102329258055,18.528561471440966,68.25595495103101,89.37477171691508,apple
102.54961809623904,40.527345608150156,109.55362118504478,6.607462416466619,14.434012561148093,75.11922365721668,104.30473167782465,apple
94.0997331276569,6.192178954823191,96.89025855987633,6.9370577396477575,19.110833692839563,60.416336301274704,81.46857494338853,apple
94.15894657711935,50.337080091472515,99.4758774931205,6.47780203218832,16.61739056584364,66.76289183967243,65.51225453284091,apple
86.60840039085774,56.01062931633929,105.76313832474193,6.782328016635763,15.000212528375908,72.33719073695039,95.60471892004989,apple
104.3825324231099,31.722676354166296,113.03197507458324,6.7569313038002194,13.544122328894723,65.10061687279305,50.41962613020576,apple
130.4022567406359,42.9413188792903,87.54894257306145,6.66544654518087,14.226247051587134,82.34037769099294,61.60245671458142,apple
101.71714088228168,28.372082361527283,112.40257946063672,6.718797231682592,11.98358224668913,67.99105732286047,70.55675564113349,apple
101.19369319834841,51.5126555478049,73.90862133651584,6.509933179380029,14.394614092433006,66.9469512366943,104.80251328210488,apple
97.39683373657918,36.23704088580668,90.61340434402335,6.818977303625381,17.05559526175543,64.14160360210329,105.6271623961303,apple
100.78559153091352,45.68190360723379,96.9787014988454,6.86437339654863,15.41878753664294,69.23030190367537,95.1786085645138,apple
108.05211203837355,11.256526321139923,121.50450413226817,6.19210108783506,14.130375780522208,69.2458474338808,98.24711938171896,apple
123.64258791612068,5.0,92.38458807415434,6.11194995366022,15.563243947820496,72.17346867600024,121.81591484342505,apple
101.80952141340181,45.6603769416357,108.75755622308588,6.619425540898449,12.682078506415921,72.20001838633449,60.157959657092725,apple
119.42810609004466,27.569068469447643,117.92766117267125,6.60593566976028,16.037701572801986,71.67479085867751,89.09911763978153,apple
93.51010729905111,35.8868402770578,86.10755104775187,6.387169401312282,17.985653786653657,75.8173439111368,91.3178321720448,apple
124.97713573815672,25.98351721912733,119.8405482998347,6.802672225477747,13.45049849984722,84.78432153416679,109.8142169324817,apple
98.18468453485653,40.90756889300924,93.94444849003139,6.998744710517863,10.717842869432081,61.84158933044325,109.58519488573926,apple
96.25516692671621,33.113134423331125,79.79821506826848,7.304360098710631,17.881059287435352,68.39451825299736,81.90608286273347,apple
115.44406542129539,59.73705675253392,114.30640383717031,7.401540800218981,13.655297341876164,63.44490535600968,66.22117763893303,apple
106.62640974474219,32.63405324706555,97.72073314792021,6.992777588436989,17.96465721042933,57.79470072570526,78.06055944197769,apple
112.30215391184589,22.98391974212127,88.02690885462769,7.055561228295119,12.92099986055204,67.58736153767116,96.57288051609618,apple
91.39270129134822,41.747334840197624,91.46684537203947,7.172585848033775,15.248507405008455,75.37016109364282,104.92047905965633,apple
90.58689995883891,5.0,105.41133631995753,6.7716865041374605,16.611652055150255,68.1877802209373,81.39144602398568,apple
130.1270951647255,7.914689077338334,111.00925717546357,6.577619442544982,14.828442764519156,67.46317733940828,73.93131451657486,apple
108.56836315354359,50.859653939249355,107.05020491869992,6.781014598863629,13.527119001801507,74.13460212659561,133.12699263458597,apple
94.2895806430736,24.360246309722008,91.58366303528504,6.6031757296516735,10.009400892655231,73.24028308684571,73.08895647290773,apple
75.84605321812299,41.29784924598823,83.76973322437095,6.648399283834872,18.432884782377158,58.72627361580389,59.34803530804476,apple
104.03959284343507,47.24231046015552,76.38487423402056,6.872306921051153,16.661999079923383,53.52671613046144,105.9700267581444,apple
113.1490881976327,25.323216401159627,118.78519543447013,7.090936672297453,15.70623585143441,66.38843687740054,70.54344214834086,apple
99.43654735950713,38.54638379556268,95.13734708439038,6.090749698421391,18.037427789153142,71.52178577475915,82.40751006646332,apple
112.85737582634933,52.869578947241344,57.97132645768163,6.880279094976621,12.646701578379306,73.99288405439152,92.55854404749158,apple
109.53589789660825,22.511285782580174,71.90139832271272,6.614889542623,16.313695270279567,78.12313862940178,66.5633739905495,apple
115.40590640309526,20.28191565530218,105.4367482239179,6.59703181414031,15.864341255424204,77.1350210765622,65.45971845422929,apple
89.80141154879753,32.7744388101313,136.0237549154553,6.4910430863499515,19.58026777199384,86.03538642940137,88.05377698596817,apple
95.52771210700149,19.619022020029625,98.97696204500997,6.327984170232132,21.847521965358805,81.97504219080685,77.77829875046565,orange
96.38913544016424,5.0,105.61093132196565,6.8293445054854125,22.12740471953154,68.26538359822285,84.1448416245509,orange
107.52850350551007,29.56775097617065,104.72457807332998,6.814494845236364,24.246854574191524,75.41595277900043,93.8572368630038,orange
122.7763304597827,36.304027935848424,119.57444033185628,6.932082782515991,18.316161842136914,80.43867810655463,92.70352482685338,orange
99.22067843648833,34.22022521234366,94.82525257064398,6.818108658116683,20.816247867313816,80.19417806987497,87.728237727579,orange
94.2612423591635,16.12611276421089,104.03163683722963,6.806132130037527,22.77684922735501,61.78198489995897,57.97637602376854,orange
109.3838695375984,52.269627928147614,84.60469566415156,7.2268323850685094,22.567822117472762,69.94349676359336,82.04902606908443,orange
79.23222970862506,44.81592773886899,88.36590457843596,6.51605799727872,23.98385261977391,54.93613242662619,59.528043786636665,orange
99.72798634737877,34.39926643507278,107.27101971953385,6.659460451981124,27.06073933728338,68.17685952987333,85.38427695794556,orange
88.04519996779183,31.858602247816066,109.22441848070162,7.111073416360038,19.021431471119563,68.03203729315439,98.93407221618288,orange
108.80586301891803,30.09822986706809,108.13635954298152,6.5073108321222595,25.115810864636714,77.94102482383543,63.10144425869655,orange
83.87345427824866,14.296173748396408,110.16954956344793,6.3645816700747595,21.337951331583838,73.6376351713342,88.6766813090713,orange
103.88331273569058,14.012959329768627,108.92281560095867,6.566036432257201,21.35076065120412,71.90185382324789,92.06156443061697,orange
100.3597002852339,18.740597670348663,95.50675883201211,6.7506550772511105,19.24982953366583,66.29973626949297,97.75359758065693,orange
80.83845094231987,47.348724773913595,119.04419893899764,6.376454827211974,24.71523926610028,68.85134729030293,98.37029118314109,orange
92.5502342180763,43.84567240840143,106.09141028273001,6.505754023020719,19.669596000069422,58.31758051832622,93.75883552865513,orange
108.58707117669604,39.764485181691626,98.23028358088933,6.402901063300691,20.635850403952436,79.2187891116954,80.30742870799837,orange
102.15126446022214,13.865242746376687,105.04874568188552,6.612694631496277,24.093425427551526,76.18846164965451,80.085881068502,orange
98.10003958978506,21.73325639939057,78.70850205182485,6.492767271135835,22.39643465544164,72.60207598583665,92.97095807185278,orange
95.47400419062046,43.99599908581478,100.95312856841406,6.960976148428784,18.452449735594964,38.620797987053265,95.6757605567616,orange
78.62851519417765,26.81322445930416,95.46854438463092,7.226220180724661,22.799993105887214,71.32687221438938,106.73982309267348,orange
105.52746380258559,23.134845105173504,116.0721389538184,6.417074961633518,22.646494375067125,57.61944164690951,94.0788771503199,orange
102.89484462659394,55.14682442871994,76.52539159837332,6.569733847243857,23.645364853148287,72.68253805117847,93.60610102675007,orange
85.65796445562191,21.137724778628563,118.67561512334885,6.7345472418738215,22.750719392288946,69.07849336978816,66.3382896950047,orange
114.00715639112495,37.548485767987444,134.58455256050783,6.445325586104836,23.64514584240096,59.50764827170399,93.14693135346155,orange
114.64759883594746,5.0,96.92601288637589,6.5810370797872135,20.596085403409756,73.08170121807484,112.4137141284519,orange
98.00081927156266,33.0822964134003,101.71463129588872,6.750541051906924,19.82131472457579,78.86755681378314,95.90390736317671,orange
105.92322235003867,17.902355564616265,93.11169403016139,6.697159740686766,18.931750613102295,56.49572539841857,77.98504138722865,orange
107.83781149663585,20.202939151050888,84.7179220361393,6.5055943040286985,21.089315153709375,67.16912829743917,133.31042904413113,orange
115.81930942730978,45.37161168422592,117.52870546410072,6.450353739199786,19.555270770025523,61.14503766772755,116.69012266675676,orange
91.79212316676264,11.229657266410698,93.5350569967028,6.678418340485612,22.536826547389126,72.00760816569634,73.43638872252984,orange
110.28484588770567,20.412096993747628,97.65585494942435,6.956032221151006,20.716357192111317,65.4451886113509,101.83336099386261,orange
87.1340023509247,24.22811964593894,108.3361326706434,7.366227732430793,23.210809009525494,73.7811181039201,100.61603167345459,orange
83.90214588899426,31.73395108019862,99.55350267495398,6.846475362111827,22.23301610495174,73.0375974193369,83.77065610201596,orange
100.87913376057689,11.582571509145119,95.2013908299563,7.167250064452993,22.63761667925651,69.83263170093538,127.92246552508693,orange
79.58747532548381,13.358166668306705,125.69067116914408,6.76378828081468,21.514833927420412,60.40636539923486,98.95392532790024,orange
108.16689804291194,13.582584587476557,97.89586621674357,6.6493452503900805,22.511954292837544,61.04599806223485,115.03894909026315,orange
113.73735672396407,24.552366619007756,96.75371932542443,6.709073354916715,20.443382893986993,66.45256465411971,84.59459264650782,orange
124.19302556060691,44.19927462495655,114.01982061004935,6.860977683901317,19.765345982137532,69.66807116338097,109.4097691922676,orange
81.12603055949069,39.548298103098965,134.8391383789415,7.06854499379692,24.828058271123975,71.74671000353729,109.3586389752998,orange
89.23220178468947,41.93795718511839,109.81582201091145,6.836973352211299,24.632014839436998,65.68972129722088,86.25884967052674,orange
101.43193062037444,14.555835433658991,103.40397915700372,6.234320876113846,24.09390906885642,70.37309893252772,79.58214192192473,orange
87.48439581557318,26.481314555712185,110.3238956615862,6.914321693621268,20.588924105443077,63.23168261897892,103.13797412639295,orange
89.16478893077456,30.898646611192554,101.85631963786416,6.843618639518022,23.716540860363743,59.896296505061414,51.77681349479025,orange
91.48829078157473,57.02292611748279,130.33261150131068,7.2993531406697665,21.614037264478622,55.74307934412137,43.13921796696319,orange
90.78942757675884,27.028895547759596,119.50938101583938,7.010341637862734,22.454810157983243,62.88124183247086,70.7844088351022,orange
103.81191530607153,40.4557646825959,105.87821893368377,6.439620612118004,23.30133525758417,73.4072877368113,68.58667187619643,orange
88.23518544549617,40.3274396184235,96.48238697281164,7.226744190490937,23.002258552129152,66.10695049448584,89.79588799218135,orange
100.95075088956577,19.07414530137435,86.3111770273356,6.96041696814285,23.690546594084193,74.83025175642366,120.30636188647604,orange
91.87340145982597,55.11406149106695,86.48618322168771,6.446194330989452,18.4800822357015,66.43363748938546,79.92555326341093,orange
107.88905920381976,33.658364124306765,82.10539943471295,6.632182128472254,21.25707595782463,55.79214202430486,70.38106545973261,orange
88.43779554078866,51.5043752973142,102.87176073936028,6.94865062618425,19.002729005701575,79.55371586411194,116.02204126048186,orange
70.02482549283062,19.420249141262275,107.43648359523266,6.943316536061455,20.643010539025557,67.55600429557077,78.05237877909714,orange
101.6562707041918,47.95767797192869,88.43436764288194,7.050246149330524,20.436655855306224,63.218982300024926,106.37189236686427,orange
113.82904567011425,42.771149051439814,80.26303887672788,6.610214706578385,23.645977184006643,70.33233472451116,68.52614307605072,orange
106.87476908688163,19.277891115127943,126.91787272588319,7.2134524387254775,23.208194852711134,80.88805363815818,91.29582700246762,orange
111.48156241562523,52.16580442953112,103.68248022691469,6.673443848545715,18.59075608364577,69.33493179422805,106.46846369124623,orange
114.18450141351444,37.565475985776146,91.8805135755664,6.1569535293157225,21.00956980399053,67.56524103156839,83.74142065619972,orange
109.27834535466887,59.7851461652226,101.85293802761639,6.684980463253061,21.481556373991815,70.9950781352617,73.43412479303203,orange
101.80297838119083,36.762185044976995,103.14529095361732,6.887262580201434,22.86749521869707,55.82482654202845,102.73740316790807,orange
89.9347773150632,13.562412554940632,83.43322258217506,6.880062483141759,21.554850145550294,56.54424972811671,99.56075630384566,orange
78.40587803801759,32.097320377773165,103.57748388509582,7.015673124508513,25.563369572933702,59.08258939279567,88.95052287873901,orange
95.85497057433673,36.50624528941444,103.23503156400427,6.644236127179014,21.118195622778288,61.06839315852762,109.75723164813019,orange
106.88806272399295,43.766522966927056,95.34405795286729,6.552949359391671,19.843369866741543,72.87134066992527,69.2041355094353,orange
127.72994603449825,10.385361283598392,104.10490178818753,7.220056412164136,23.198179518527617,71.40538969993423,70.63032706076208,orange
79.27346217148444,41.55075163376379,122.5922086116242,6.6183450028565485,19.7218769847673,50.33464455560785,70.38470312674924,orange
98.2951473625144,53.986848612551015,110.09700538349453,6.841525621412026,21.199760677397737,65.33467426195234,118.11295195015927,orange
103.01107811137584,5.0,89.89690528154136,6.492535190468512,20.90747198164507,74.50328528228069,87.85110236411501,orange
98.84701889494507,49.70209741987855,89.55308365319968,7.309259857766205,20.657384817257828,70.71358557290057,84.37592809194466,orange
101.85128700251441,36.668879926096935,106.50752860133315,6.524064800813826,19.754170645104857,90.02537432724569,80.32031320798893,orange
110.4881865800798,5.885380342152047,95.80580920142985,6.711840184805268,22.945630139855666,48.22036687206449,93.32281226156661,orange
82.75387816948161,34.86518566792386,84.45506204742756,6.493355191222325,21.452744779213464,61.581364243174434,80.4893110652929,orange
82.09936347185027,5.0,115.2693557864404,6.361185392152821,21.642638224784033,76.02312865195027,77.70111794967914,orange
87.62251150381694,33.39357133001132,116.76900734090728,6.399205420474059,21.699704335965123,56.14004324026138,82.1359799263562,orange
100.51307026807113,17.180630373674013,93.14512249262152,6.327531969507765,22.154157222762986,78.4455539910652,68.05712260459073,orange
90.65992350171426,37.538193696812726,118.18136078984105,6.302043056337321,21.6624305251681,72.2650465785562,87.95887218742304,orange
62.848118996843695,37.51635013963158,122.79004526635967,6.784998525350851,19.937787893411475,65.89498202908574,125.39826135311186,orange
113.64943811290838,39.60039927576494,105.34618875301564,6.551658866342708,21.598857638688465,69.37661811457187,100.99148632128887,orange
122.63378341400355,46.77507205189692,78.70923466305939,6.8171984906703145,23.473526690335795,74.95088264115708,77.4153247322516,orange
140.0,10.843731565033217,83.75217330000925,6.820078524378473,26.233606109927706,63.31044119436663,84.68343268706016,orange
116.1594050952354,29.732067676683997,94.98094218204557,6.919689870566016,22.545035980459186,78.24351028509433,115.82937778130727,orange
104.60504590008043,34.375990880674635,103.211664734292,6.896739166994786,22.11034127574293,69.99513214142168,113.93254241654485,orange
122.74174270532565,7.386705830498688,100.15031727610854,6.54339166996643,21.378057067027854,73.22012967788257,103.38876743084937,orange
98.31810334582983,5.0,85.52431629135731,7.01894990106005,16.51914715593014,79.499417213456,100.42459981289083,orange
119.74264122295034,27.021462196785592,69.07891863965642,6.87910879245195,24.549306248076682,77.39777444410737,76.7461703302393,orange
101.3014161319397,22.00745596830114,87.71100303715941,7.036616571353956,19.604935377469676,62.8494685553471,67.91948733055229,orange
97.6462871505143,32.19621437763905,117.42254572722965,6.694536973126421,23.48850439887167,86.71955631793622,233.71403508069943,papaya
110.30636513780108,22.821685999234226,107.73490945125091,7.236562124335515,25.460331708549546,69.34040175201436,212.62837212544812,papaya
131.98602109713448,30.0919717565284,91.62800110513824,7.048313619297614,27.556072009095928,73.85251586477206,200.98189462611342,papaya
99.7243870196303,40.2883568465688,96.06649645925717,6.619286750284579,26.434251029695133,80.32246159464198,217.8986012313112,papaya
128.86635796987832,27.653860818107958,111.45502224578493,6.870221176107484,25.646800727427927,79.0022547341081,197.03554222313758,papaya
127.57892014761302,24.494660779175373,94.1438622036755,7.340627192830188,28.379470963494207,73.91519468459889,211.41881987884398,papaya
121.77525098482766,35.87326762890141,102.06011986847656,7.106892793645571,27.19124068930289,79.5032904142857,220.84381153966035,papaya
123.49927561631807,31.822178689935868,104.71033903729172,6.72191729299009,26.518453985990938,75.30644328990502,184.97665560752242,papaya
105.0214442027634,9.120250698043858,86.80423957923165,6.697719889659922,26.706235164891275,77.82962749481888,152.88593019745284,papaya
140.0,46.29720184335572,106.68639776825692,7.322247201765981,24.545271765032577,95.10100096500804,180.69571846498906,papaya
123.58106887937035,10.892440122986933,100.2204114331655,6.865849949399516,26.19061933773089,85.7110195527211,201.98028898974513,papaya
112.16377907433736,21.497800232964913,112.16370658923545,6.55387739105791,28.330805940969874,89.78169434265544,166.6257227530774,papaya
136.99389580951552,60.90634047667048,103.78005641802892,6.929725255588447,28.574010648738316,77.79614147856782,203.6456044707574,papaya
100.28700705565336,32.07952542795677,107.47167993466812,6.904848906877941,28.63084944719516,73.80158257491577,189.34786486653007,papaya
140.0,27.74507439354435,103.00050680968492,6.729896987482434,24.856638347389953,92.98823368713445,189.44597176158788,papaya
103.09071714439605,23.238895840458724,69.974409974117,6.554613760505045,24.563742804295348,84.9394290474186,186.53171520880255,papaya
133.31705903368274,50.977259896039826,111.71763004431399,6.685383513341977,26.782228993411184,67.80012047884752,197.32441254957521,papaya
107.09342297899751,40.41489571723948,138.59128583866712,6.899946490792143,22.517719702090666,77.11015845668501,202.44981850748908,papaya
121.31036137890395,19.037803115868705,103.67937613955402,6.377249748924184,24.610182554629866,85.16638113282968,179.68673538240347,papaya
128.07317408238384,9.458043380159129,126.47238825687604,6.517719023278784,26.052666856393113,82.64490608872325,188.6930009499781,papaya
122.15108941606957,38.63035086780189,114.40919848755227,6.987449230791887,26.156379072394653,78.82694580765119,246.98217116050066,papaya
134.24833602373937,16.172645155196797,101.49982245648327,6.649457058366543,26.22933153215378,70.1640387383353,191.76153531228093,papaya
140.0,38.68614451313255,62.6325788777281,7.115017047749384,28.679259045818323,77.12571756554867,214.3452708756643,papaya
107.10901183774199,22.94616425600464,122.4781954100478,6.668480988039088,22.76053667609002,79.49357421774931,198.42823214171287,papaya
137.97552854060189,30.2150463326364,93.67626532839562,7.063516843569362,26.74158046500222,73.99981854747426,223.09995121083236,papaya
122.90492646775199,30.043889500191565,102.66862587117481,6.428799488575021,25.444692447643327,80.02866081466226,196.1067260995064,papaya
139.08642574224893,33.26108779090505,112.82355883954604,6.752818606372755,28.612576967492245,83.18022205258524,200.2684097077692,papaya
119.8007536656147,15.68342060563555,107.60373580204467,6.737938579639087,25.49601607963759,88.85169416649657,174.99567948210398,papaya
113.6625615685135,45.415781231693,104.7328441138038,6.735642321704173,27.002007086300292,81.43531336839074,169.66674907428157,papaya
114.76107171978057,54.24782481770623,90.1101379783425,6.6545096957686996,25.416758473381623,79.3038782134549,188.33754337351405,papaya
127.3011225323709,32.959701184353996,111.60321422660527,6.434717650143312,25.819319034234194,78.19421894710293,209.1129382017719,papaya
108.10168204189448,43.73480706387516,117.79623385776414,6.453338295709325,25.51825421021287,75.74454793366326,252.64772409354998,papaya
113.5514984218817,55.164381632342014,81.00052007340085,6.453104710150691,25.1267909363036,73.23448550842782,194.64202531683003,papaya
109.36832695917752,17.709876108981398,117.37707994709992,7.1171380867539495,28.398592996750633,84.19199164467463,201.85486131559105,papaya
112.54453964001137,15.70263742867362,105.44493555149032,6.39791088223596,24.512158141649213,89.22330604963848,238.01298083444175,papaya
125.89942707249722,46.59685728441966,96.31227523834025,6.348697744173695,27.724343237237168,84.55431458616052,201.43337107760487,papaya
116.36436812842334,44.43315867871647,85.21400449858788,6.517865826332803,24.483786986479146,80.67978370108662,178.24213975781484,papaya
109.73636729227135,19.41366656659203,96.09087501499063,6.303787666078807,26.674409984074533,89.97842920531743,202.70982744633523,papaya
140.0,50.009972788153874,111.66602570871783,6.772405752791066,26.54500077649088,86.11039817890608,192.16658780991935,papaya
91.76218872798805,37.380060811544396,83.03397055097543,6.461357631542884,26.500447895991577,79.23900097957224,171.7584878736874,papaya
122.4823734619971,44.49209491291573,83.07487644601326,7.131744999254628,23.37965834974011,96.93859315496763,191.77479139033034,papaya
122.18425495240336,5.0,99.06795900296038,6.818544653315458,26.32767579180101,75.49535138358101,181.0687096294437,papaya
136.95789929305965,30.462107024969253,123.11128564775159,6.592055293561523,25.630410613255567,86.5247539567693,167.5405007599287,papaya
101.79804959770615,46.46227457029745,82.42099106165207,6.204284695409235,30.237054376146183,68.84945881700635,203.6823879665634,papaya
121.03627789086407,5.0,95.99024465248287,6.884523974843733,27.20861876303772,87.22816547042801,192.25017370189133,papaya
130.68756663138242,19.660063978798924,78.84298875380837,6.36068148729563,23.57577908960917,88.07668774312955,169.70852981882888,papaya
124.11058260973955,26.011137088913504,98.46027139824052,7.15908218855991,25.623145265569452,84.89281249239747,200.75126702762225,papaya
117.71971641550954,64.4995368657971,78.37987381426946,7.136739550631233,27.812813130979944,76.16380004294572,232.58637034883225,papaya
92.27834831417195,22.173500140513923,81.87276693596385,6.873625039461438,24.273871797625645,83.46451157393055,196.27127168356893,papaya
112.80969086015874,35.82970869049966,95.97067564092904,6.423409547082288,32.102745979269955,76.10266253576684,155.6478183969597,papaya
107.36851965417917,10.990849674409048,112.39218424060773,6.846495797877476,27.297425603580688,77.03982027330204,194.41299505886158,papaya
114.43603344588497,28.782102237967955,112.53000153047253,6.850822623751604,27.500225659241732,83.99647126599362,217.68884874763475,papaya
124.32225062310383,35.38272109018378,117.83209361789736,6.550486224599067,24.788514840096987,70.51262720650516,203.6582912724051,papaya
92.19401638171315,36.93231144089516,98.36210358249171,7.090391909946317,25.156165379070018,78.37345371665995,222.44406666586738,papaya
140.0,19.7977145137227,102.7267184888074,6.838325693305214,27.247306811242296,77.89939472547502,225.62766796247269,papaya
91.65444774567682,23.68304647798374,106.7189609915942,6.887167443584803,29.205518061229526,89.5858031456103,194.28916749385553,papaya
139.49806865295906,19.289373843338176,113.96331074187756,7.293156743526298,28.929888213709937,80.84616306819298,193.36442456455757,papaya
97.0711305561107,34.65809456871306,83.27174158043621,6.512059600915819,24.118508398526657,76.31686133874676,199.44061171026036,papaya
124.10421871748558,20.99240046879055,116.03925559592776,6.68753842260301,24.92455513346896,81.8103381379475,239.2710566708763,papaya
125.02740849802677,24.557165589395893,77.08807965821944,6.684176303708379,26.969856250176232,76.89935286995544,166.69230723518,papaya
107.2415191574485,51.81807691331636,121.51001505595691,6.48400824923862,27.845513574398844,70.57141772183861,228.08632563989906,papaya
123.67853771841355,44.24462247924801,74.27359979226192,6.953291130577466,26.484651872630995,86.81543256632673,218.297355961957,papaya
120.98677034212125,20.98755541356128,111.69544273269241,6.731953650178462,24.754430092944716,72.63878214833852,170.45671167375235,papaya
112.34563260655405,46.54038069111567,102.66744699558151,6.5910696882230875,28.10971187636016,73.34018702621289,201.90700548665558,papaya
117.30554440911727,41.68695938382528,76.34157443620748,6.494940676255603,23.223508681810934,77.92322622552584,224.2285500726486,papaya
112.4182918551971,22.33974092706524,113.07586636276204,7.07056486753659,26.32285786546242,85.47771883239913,178.46090918244107,papaya
140.0,62.23059440905577,107.81823686783088,6.12470051359716,25.383539475204433,84.90260257335457,191.57034005667273,papaya
139.08297831375145,38.822358966537976,89.40286748851305,6.759679443231376,24.71233355872182,78.53932097270047,188.90813519134898,papaya
137.62142700349557,61.740180852464924,78.53217500146371,6.1730351141370745,26.009655156297228,67.85267440937054,200.92423207341835,papaya
131.2340417070889,52.412128459002375,103.02091838072921,6.692053432545126,22.54323016685383,80.20948119348638,201.42574521098922,papaya
129.58435221319118,19.372678477063634,93.4742109964621,6.3065993234087445,21.91741438623187,71.13202327362573,168.59348371493968,papaya
125.05068443130916,22.227989149997143,91.92644304887816,6.454676086147437,20.034869134975132,92.06648598998041,179.99458954446425,papaya
113.8136989522514,8.176617520660344,114.5789551516095,6.793028681111197,24.847269429468263,76.8621631092478,233.5635984424974,papaya
118.90545852178083,27.273996935761414,85.87927770791103,6.181625654858309,26.179922652841313,82.60388089859694,221.9916892865534,papaya
86.27255198250518,13.123555094654566,91.28888364165324,6.74895574542804,26.209932616943156,79.02649051450184,208.1619211713989,papaya
106.45060333831336,44.012121633505416,106.50178662549222,6.654050320761576,29.70181598377783,92.45132828457413,218.65790710387617,papaya
74.72164844148311,53.68417639076963,111.921377837079,7.351922591313881,28.974929183467076,92.62674141997829,217.5730970036076,papaya
140.0,59.9118561110166,103.24832107567309,6.278330836776561,25.885078199969715,83.11956479506749,201.49775168743116,papaya
101.3015705076086,5.533985622075317,88.88255997047756,6.992321866795245,29.66067954164594,87.33254091022161,221.14854574228272,papaya
118.78776640254664,5.0,93.17169128675943,6.672370676438287,25.505895026328634,80.43755892299701,208.828395197859,papaya
132.79522782365245,25.82820203450499,71.4436089153311,6.60513668421266,26.587420793983966,89.78246337706727,188.6438431563179,papaya
127.68815442599103,34.35131849453148,100.65850799685083,7.029159995797378,25.17831760649484,75.39850840285187,199.76198353811543,papaya
110.3978024235945,37.62018436581899,89.30211543450801,6.81789126232354,26.29965446242649,81.71940771821365,190.8051720987392,papaya
114.9136755820976,31.44013901995575,103.03111759241969,6.748739425382653,29.91072471302617,72.07410465006973,198.71592410094573,papaya
96.39556466824523,35.5812221800108,83.27130195434779,6.666506923237027,25.755871349337347,82.24712901280937,188.9441816490964,papaya
111.07041453459027,51.537846961288466,104.2685018571179,6.5816847443933195,25.99833265637754,93.16283961816596,195.29670243497807,papaya
109.66085065271419,49.725057748104106,121.76310278515633,6.571650683271983,25.440704303301516,71.00639922442417,183.4135925127726,coconut
128.87356527679646,54.2814406909069,126.8925746635894,7.131026407576469,30.590014299876835,77.74300045489812,187.38272978633182,coconut
107.03354529489692,70.39163654562357,126.92939149716568,6.634051532903163,26.372670849724894,73.84266872790889,206.40116382986488,coconut
100.26842601169108,74.92303040681908,121.99233034277623,6.705109216724463,25.32604408371889,79.90107249406108,193.4335811461888,coconut
119.248791017153,82.07563347542836,132.6654706868536,6.511602244756259,26.577360178906865,84.76104948731015,225.97386581986848,coconut
124.22877031126575,70.33069116832155,139.14606585005058,7.1757193240072565,24.100819654547934,85.33775151443622,219.67472087807127,coconut
99.9191444079664,46.71497723990376,117.2382587705777,6.531362941086785,27.03656589812895,81.94082250443954,217.3134930233474,coconut
136.21975436652804,47.432654082483275,117.32945501945525,7.144746552004867,29.29348787083729,80.66291873495197,209.46673351109933,coconut
119.55294327222839,67.86877024571422,124.9589995524139,6.830641480331769,24.978907899261007,74.49772564139656,186.45977646419314,coconut
114.38414950189629,46.102301178303776,121.99684561265377,6.295675781280564,29.0974009527898,79.33989184870885,165.89584784447965,coconut
107.47755134179991,65.0490214134325,121.85467080421316,6.540917561958571,27.850814645983846,82.74878028142572,171.2729508592168,coconut
128.25192721826818,47.99560077588935,129.73108047625303,6.739373957792547,26.94586776352045,71.81072203095428,194.28626903815473,coconut
140.0,39.57487454304554,155.38469528657313,6.67208364867704,28.070742834177278,71.30631350892219,184.57461166645038,coconut
112.45635524942972,44.31457543683132,126.86623063943692,6.627895232457969,31.701562284871468,70.67220651455631,202.05381033497176,coconut
123.71769422852738,43.945191770222436,140.3024124317926,6.630501896135511,23.015220696833865,85.27879689683652,177.66118231795272,coconut
104.28337580791352,70.31853124338598,124.79257776372326,7.02533164516545,30.420332190730637,74.84057231742162,215.86524991910062,coconut
108.66808797910677,93.49673875698265,119.60564493203177,7.057826232288001,29.687580051763153,82.52870257687147,186.58913677166635,coconut
117.72903762087886,27.696178305831722,133.36630057573376,6.854884599308516,28.266998838122742,56.21355062965954,174.68727109820378,coconut
108.77863525727005,64.3748839978357,134.34008358464476,6.698932862408646,29.270491073207914,71.7900609975768,212.20470011387994,coconut
127.12113157259836,65.66332099256866,127.26939353371516,7.2992231474493785,28.986391376979757,72.25331309397153,204.96610951471968,coconut
131.2872506561133,51.17837101613536,146.33908370396648,6.8646101117148035,23.315043324669304,82.39737581870341,191.8794169117457,coconut
128.05769721812604,74.16322260377721,132.92743070712726,7.249575670183408,27.642586230873007,84.99854258443101,216.09885147274696,coconut
118.53981046660901,71.68161461966673,121.07990519256747,6.623229474293635,25.375022619327375,81.93127293096038,206.50503351708687,coconut
137.68894737868845,71.86710006533825,125.7280666502885,6.396546093799717,28.86570080503995,88.88602537931713,215.10369947607887,coconut
136.2671628728593,56.82165703202636,123.00071547736532,6.52892959433046,27.888207066772807,79.37127363224944,204.1335525707823,coconut
118.06053814446739,57.99558405409843,118.34958920541784,7.032485704065447,28.15303612448742,78.60444852571774,185.0514149350159,coconut
100.02130334413371,79.61946288824015,138.3195806219771,6.26282464722901,29.526284601419313,87.37984936186487,202.4875224460186,coconut
140.0,63.25079463184324,108.74764708076215,6.859550700314497,28.48979460342546,75.17362520977476,211.4711767375485,coconut
94.98502100713708,74.85850241164184,116.82817444591821,6.45451616246489,27.772350455385045,83.46378342434909,203.2784812718686,coconut
108.86011251341432,52.40866063212167,113.00436478933807,6.682596029511039,30.15004242902182,79.96589649884899,217.18828509518906,coconut
140.0,51.17972221444549,127.20140120416953,7.4013578583187485,30.88868682395989,66.62076379350118,207.74296632121812,coconut
120.00839988509543,72.39679666288143,118.82531848772418,6.498117488387798,26.64785856941278,75.42457163041254,216.3064833361803,coconut
102.2819824027668,50.660791500610216,103.16481414247838,7.052135347023712,30.54206019886228,77.38341255308971,194.04101270373553,coconut
126.79832853424345,82.11723011067383,136.12916121345876,6.540737417257466,24.76235485602712,71.0789898986921,201.4643890062493,coconut
110.17008715198808,62.92451558986138,121.7061397564565,6.4325560706116764,25.64593673709386,92.49883607498583,217.77975498367286,coconut
140.0,68.09926351132654,123.55012887077741,7.147002276746981,27.933863997276465,81.76673416232282,199.14351241848962,coconut
75.79643671073978,84.0710251844228,137.3650591893663,6.848946918260553,27.87644787545888,81.30742256308905,188.05442128307504,coconut
129.24869028460907,40.393524834013014,132.7910264870582,6.918472041171332,27.602661732354193,82.9669423397682,180.173312155315,coconut
105.51259843656054,63.5507568153959,140.17824481931578,6.187540303349487,29.044041270221534,75.6543879969893,196.14387825385174,coconut
99.90723114652444,47.22574139719938,144.49187988295466,6.759859012194064,27.234443196580884,79.06809317895173,209.78423649328602,coconut
126.60741744245007,58.87459499404799,146.39438666345004,7.041138791072,28.826744058260793,80.43689426328056,213.14642190239078,coconut
124.71401132701774,75.91200107708922,143.49342065107462,6.444523829574681,25.828073658516587,74.39000364476739,219.52277380133842,coconut
96.35536504843131,65.9213608366199,135.43814636639442,7.098794417605858,28.360677381327775,69.25432487532879,180.81290078703753,coconut
102.27006717153263,51.93084050500289,127.2564764886411,6.400367542133683,30.941323981304578,69.39774902438047,226.9220684772496,coconut
137.7774454715901,73.47453824533554,119.59350088754874,6.85273526375307,25.445257732898764,87.28725628027,198.5203043692746,coconut
113.86019678119972,41.64382730015596,92.83740822056475,6.438437742889273,30.225596391225814,76.77733257220157,196.61342285769905,coconut
129.8333153743268,87.08503317174397,149.87506982418458,6.458299498855143,24.11485885712519,98.87691407280083,245.37983223318906,coconut
122.82680394643924,40.942676316272674,144.4483980084091,6.717604894196217,27.77403775378678,87.15567074484103,206.68749493746597,coconut
102.21277633477582,55.12887097377039,139.9172939299202,6.903075666721506,28.524033148716953,87.46738363580691,192.7656602436547,coconut
122.68004662828608,9.366313497336002,123.25524709235779,6.979170872572693,27.219211065765716,76.2701808662631,179.17094096450364,coconut
135.05048839093718,68.22694910310855,142.38121896734629,6.2321358114126335,27.679099913468733,77.75911193799995,194.38856586802896,coconut
110.75958684423065,54.80843592329977,142.74467174059978,6.176144593995652,31.554589536060906,83.8707290002117,199.15336208679574,coconut
133.6025121955939,38.22247882247348,120.02948642273479,6.713677370282834,30.731120740864355,79.62802735098754,209.0010934237029,coconut
111.15631506095808,67.30263103451236,155.15859389461684,7.048658007502234,27.837088024444242,85.40392677812376,211.55033909214424,coconut
127.59881507545913,76.67930041290613,146.567165557562,6.711852420937535,29.28375812295554,76.93524063072165,181.53855207368844,coconut
115.9575936644402,58.85582772390626,105.07628516233012,7.008099767825016,22.465349154795206,99.0,230.0375826759264,coconut
116.0848691374153,60.141395408456596,134.54457810380924,6.573251883603318,28.385238295173874,78.84800017838671,198.11454565538068,coconut
122.72191595220959,40.29708302469008,130.59354586200473,6.799034323985243,28.25769924271183,78.27335395651076,222.75715551938742,coconut
114.69521167677674,63.409888602347856,149.45946300888318,6.726187157993906,28.4289265349351,79.22892290948083,224.74739587127198,coconut
116.13413157620558,79.25031865932309,128.44618158029402,6.492162082965595,29.35874634114824,77.56265732995475,212.41001798198326,coconut
79.05893422614399,60.0780789284242,123.10592051863779,6.431022394040617,26.8935179963204,75.4103748456588,199.04028410298838,coconut
99.49010308072566,64.74410670389571,150.49322177808682,6.834278549084348,29.61797721845802,88.75649963691036,224.72979024368354,coconut
140.0,52.51197002586105,119.22274022258325,6.98503969449742,29.4165324393148,86.2054023969255,237.78564908500505,coconut
120.17054863197741,66.39234839469277,115.29417622774788,7.390596337192787,27.32691015758178,77.53427257471336,193.06500217983515,coconut
110.32656212033493,49.05844426728526,122.14443575665712,6.340261221584717,26.429364159473522,95.59170489158095,214.71310287282736,coconut
133.88856265091576,77.65813181125372,157.51201846543586,6.218573234566847,25.54023376942692,73.57021071284252,190.60540407020804,coconut
115.49145914122127,53.295336707909385,133.28963369698081,6.760588617223565,26.5543304096435,62.59560978409944,180.14262589242603,coconut
111.76142020031136,56.29380844788421,113.05498811034195,6.602758060051074,25.738025223028828,78.99344518761333,178.5381734327477,coconut
107.26643015444303,40.36973803516291,127.69748956645324,6.490065669014281,29.81356853335086,83.2468021335432,198.60296263632713,coconut
108.03771753984317,65.70780457974455,140.36051334022955,6.792806523660489,31.20740371093386,83.67709854459852,218.27214435136068,coconut
122.00348123303968,70.13496679885465,118.04828150996237,6.612480491036162,28.69872710696476,82.73679585245905,210.15223645886496,coconut
136.50589338418092,38.62543242276882,115.38321178584556,6.818871792322276,26.551272736393077,99.0,210.31439238340272,coconut
118.82503726604764,52.267960903742114,122.79756575210433,6.759042198394553,28.223963865242517,76.3464068424519,194.53695506960196,coconut
140.0,80.76757443976551,133.78050969902316,6.347622081828979,29.077006313278087,92.4342595328882,227.39562203924757,coconut
131.016387792145,81.33634432928733,130.8007640871853,6.938430890950111,26.638448867349638,82.3381236492457,226.5906848794105,coconut
111.15864882769664,47.0783485580357,131.46233408535545,6.682001338882801,29.29829544214084,76.37392379242367,234.36879231205427,coconut
100.65485853058416,78.80602179329603,118.52726157537845,6.211205179624793,28.475750312697734,77.96313611188893,177.8078126419394,coconut
94.77934662427104,59.87458819092815,144.63755337435725,6.925486047925934,28.11341329767853,83.83078058574188,199.45571735244286,coconut
98.55413635454443,38.68659022164835,126.95247206522981,6.701804014090178,29.70196535701353,86.05843379019798,212.10266031517898,coconut
115.79575930384229,39.2902174483479,136.18106705599035,6.9075507939786505,23.222937075044626,73.3252945073387,186.1789124521221,coconut
121.77525301685155,47.94959350851459,129.4279814676304,6.686839517894103,27.681701056924545,74.26884565039403,187.22029891866646,coconut
103.79599410328962,65.70101160860747,138.56653942887053,6.518814614962398,31.04128019203409,77.4831884204636,230.60371247593122,coconut
110.36809239252595,29.601333351008467,136.03296737368527,6.824563531535696,28.068787590615166,74.86214017244808,199.30855549028362,coconut
112.3311081319571,55.46475650502374,142.62448383647612,6.805265168859028,29.219902774663954,78.14505194699368,193.1596530839045,coconut
102.69776203667035,54.44945081147704,80.18328166616291,6.57293341010831,27.836251645618322,84.50938923416125,194.62644244950087,coconut
125.21510313367499,27.30317007914632,129.14744721689576,6.246149162125979,25.583392968681334,78.50267561708911,225.52527975747108,coconut
125.56810145205088,30.273464957056756,59.707044157993465,6.53591133203866,23.91203317325463,73.41900836376638,42.29278963111011,cotton
128.8958107542453,24.17239399321721,72.38335612304348,7.038328037169625,21.65383197498852,65.34735389418225,52.88944624118753,cotton
92.80908052390285,14.51200085685884,96.6188376789801,6.932852968863732,28.834575937211508,76.63278752014668,55.163136779830495,cotton
114.27343204988935,38.82654270360461,66.56259305209555,6.5767973952875,21.980013658841585,96.30208949910991,67.17700655314388,cotton
115.1139166022607,31.70001695857953,56.35907116033457,6.786818672311645,27.573894572232838,69.00361216250862,46.745791213444775,cotton
117.57534308282084,23.033973278851338,81.35848405870277,7.101335719421272,25.2150500008616,59.77011316144595,45.482154731201085,cotton
120.2268489237683,35.04484453981921,54.380657710109176,6.60594912473783,23.814401533642705,69.81284831804842,22.3447529585387,cotton
103.48010056845435,20.594237318289743,78.1125479242788,6.505855907421322,25.36093628366241,71.81234200744797,95.95833011321524,cotton
138.93866110446226,29.137455468076254,52.86772888215836,6.550850069152293,24.517873555068437,66.5277331654112,81.07254818716464,cotton
126.30464726227807,38.87701786717523,78.88925567154253,7.308860736420053,25.249326786815114,78.79571017116523,62.9667963233157,cotton
137.77510475374524,45.92263735763766,75.12623954914487,6.778220952357457,23.663283672018224,58.84377249707619,69.19925584957801,cotton
140.0,25.352326479538903,71.77689878190083,7.003185420155679,24.432627558145654,80.53075870015616,20.0,cotton
101.65874581892737,16.265515554623104,47.704274656989156,6.850878885355769,25.580075606107805,73.15192457740007,81.92162988264974,cotton
105.74843146281526,11.727358997890217,65.94479523011795,6.560930377906068,21.85904990926406,77.77075427633186,97.90203813004595,cotton
140.0,32.805115822120804,69.38898143959354,7.160960467008573,23.717168419953133,78.88542147243274,75.50792468286417,cotton
133.70567478513885,32.79139531313903,79.44385064622003,6.817057128762461,22.032041881065165,81.61541305851777,51.04938518055776,cotton
138.7958731536587,28.64635677839517,77.6401647779656,7.090430584460029,25.860285948630743,74.06828254101704,78.45257234385132,cotton
89.79262865578383,31.77495328347303,43.259037358921574,6.801356143123699,22.71411490723357,60.5203844701914,102.09869003507804,cotton
136.04171082186284,29.937861225837683,62.77152975373536,6.6756251922770975,26.139752751959044,64.59156506760957,89.87480525735914,cotton
116.20369738478834,23.702295062531565,60.325695277272644,6.572655951022317,25.657364698992964,65.7010992854928,79.37047205637673,cotton
138.24009808367214,19.210174697877395,58.04136814057243,6.888399213910627,24.128285290037187,73.71456448661333,81.1079772130348,cotton
136.24892664441455,20.91014930872632,45.85837139654288,6.657726783130877,23.0644953209058,74.51598563237998,46.764973996471774,cotton
140.0,49.438917923606255,60.188636544004716,7.010218347899393,21.726396271378416,90.18698665119646,58.19570775599021,cotton
118.1925387915096,5.0,67.29430957111342,6.418096752876868,25.203311523132058,65.64580453660369,48.44512130139313,cotton
107.93457747356075,33.38682051128282,40.77763540696763,6.525356498692927,26.326546762528956,90.8198389989945,79.5517763910601,cotton
106.24107536734068,24.493287448915336,60.473835092288674,6.645172514809288,26.806116333473867,71.7397878641138,88.1570476981974,cotton
115.28334314553555,49.88250329581885,57.50271623577681,6.458643039258602,29.354640762084443,55.40017802431107,55.22522549390145,cotton
110.59458222254408,67.62459409584845,87.10288326219768,7.198178443092659,24.338682675247338,89.4094240307342,77.36704007681942,cotton
134.65895055454683,32.6954307165931,59.258001430151225,6.674466397822086,24.580720013161674,74.86793318942463,77.34399597550777,cotton
119.52792944694474,52.64285989048282,15.49870396888904,6.902966174376359,26.435477413317958,79.17570294604135,68.70257117893277,cotton
123.11880101075937,44.78922574972082,82.3674960642027,6.65983920444637,25.53395156625512,83.42859171479006,27.519458482422976,cotton
109.64981100278122,51.987539679044446,76.38806750412455,6.906733563278008,24.10280625378176,62.945452008116646,58.175687615152526,cotton
140.0,20.573359662669805,61.52134446359487,6.523887706541476,26.685548060198055,65.69018975722847,68.04812219691172,cotton
94.74926800435762,5.799476456925905,60.115097899822594,6.3524528534406715,29.210173278669004,53.507815103102004,53.99649402671792,cotton
120.25051300901326,24.52300593306323,43.43781815004121,6.462621648151419,23.018691845001523,67.7062264414395,109.03858179034847,cotton
121.16905944837315,47.743507340812855,67.60464518742212,7.084158719394666,19.400071394812826,67.56433583081416,96.14270846301427,cotton
111.42396265875999,56.43709747304418,82.25835230651643,6.609260785161761,23.993672961907286,61.89115326116425,57.40811536272405,cotton
101.51116403746627,36.432167706495086,38.159302599803496,6.931119904857066,26.256157393800496,56.71036475852862,100.9963721265668,cotton
127.70413941622833,41.24547032167303,48.62002197685842,6.936713735541936,27.252786899444132,69.21113280796258,110.03844918496722,cotton
120.66096952369406,47.11178700678712,64.39513210887982,6.92565645985706,21.657335464730455,72.9684299057229,55.30049797485468,cotton
107.30402541333468,56.16154776698968,56.79344627906477,6.449009450707351,24.28173674378225,59.59639816862469,98.6776893639254,cotton
109.56478883750228,37.93949900915504,80.34160071315488,6.599954195635581,26.064044864545572,61.75931156076456,118.91539138227368,cotton
134.04570201924935,27.11090341858791,48.40749403666554,6.715801034148112,24.32003255529696,85.62355643199605,45.489305555701954,cotton
122.02202134935305,29.72492900049435,58.23884549482696,6.717415003518497,24.767858379759033,76.9845285306568,82.17968892984871,cotton
126.2836741705918,5.0,64.49692311244746,6.2533081919489755,26.292640326271652,81.79597894056411,51.475217748228985,cotton
116.0732891648594,21.009664424205045,78.53147663635201,6.778508365581622,28.456658761132665,73.3100336235791,74.84900361271639,cotton
121.02310173904254,42.26988148886005,33.93470702631985,6.775603186656153,24.85990711254407,75.80335061726213,66.24596788251927,cotton
104.41898348755996,30.110260123795488,43.757392066974845,6.1724213362237546,26.454244962970986,74.63249258155736,79.3418188798715,cotton
139.54392632918717,20.024521645441123,38.53328785843117,6.728991066957587,24.30499940058818,63.26163426583945,68.40301693024408,cotton
110.82592280693123,5.0,53.382349638093594,6.409087449988843,25.463296143221847,64.75172193407477,92.23262948282104,cotton
140.0,40.19072059517859,36.7346072702502,7.201558799663712,28.15144090074753,70.15032409046353,96.45852320671064,cotton
111.72487292929983,5.0,48.5957334206761,7.268790259813427,22.017840152777055,69.99617025545196,70.68287786680425,cotton
112.30538634048283,23.347176002443273,61.08373701354304,6.581351297419582,22.155883005664137,71.72025554354765,91.46733164889945,cotton
133.04358777980133,17.853967989152828,41.23158126933487,6.664743635353567,28.13558301959133,75.16478463167637,84.07929353588467,cotton
133.3478542767824,36.311498437778795,61.80912821420368,6.94869206899439,23.90766779156396,58.684295909069434,84.45993869248646,cotton
138.56607158623837,13.22652090965953,72.32882223623851,7.254229714016457,24.99550759648576,63.45598252206603,72.46037347053512,cotton
111.74199047698949,20.749048350653975,66.49776100907314,6.268881157491031,22.112142155015547,70.15432704299154,69.55382922175137,cotton
125.15331865559904,58.12838082725082,61.567710541137316,6.929451645100438,23.048934128770735,76.1435013081323,59.472182697786444,cotton
121.0713124887164,28.367270623962575,75.49461352371047,6.3570070336875,20.433522730769923,68.2925384232966,79.37062513810248,cotton
122.2840406371125,48.48306356120867,66.56059011269502,6.580845500442042,20.34915969172064,68.10150212643825,90.55918004515595,cotton
114.11928325999328,30.424803955166464,66.32040381460062,6.4454122877250555,26.246471793277635,83.09697432001364,66.54373296213187,cotton
103.06403367251548,29.000984594670395,26.634238370866967,6.8510709791929845,25.904548755297157,83.4050903507645,66.1201041486675,cotton
126.12728007219705,17.08067846421148,54.65359319212382,6.29244436900134,24.61042075743353,67.55752677185149,75.98399532177791,cotton
110.6460467950104,31.25018026462638,54.99929916588501,6.650550183510146,25.16072465192606,70.32418353853608,85.22348078103278,cotton
118.19035448805248,24.751719763154952,57.287888323691604,6.535600764947702,24.280177812866658,86.24926970458586,51.746424786082656,cotton
115.82015499181036,24.187670050954644,56.29242581633401,6.6506282073364815,25.558480202442,56.31859918886565,90.7434294506401,cotton
129.48874199463296,11.356926209052979,25.96384090571398,6.4568783561575795,24.514667077145756,90.6423351895262,80.86513929948546,cotton
92.88615526227814,19.65516742648584,59.20181345590525,6.826105066289429,22.370502279379153,68.92007817618351,55.647217247789186,cotton
103.44362156096525,33.89393470048431,71.60815760164233,7.002312383088486,26.148772702267753,66.02104373487789,84.29099522927012,cotton
124.63581657156432,32.0091282442802,50.824603174473026,6.600937161797542,25.147773872249108,89.518995735884,76.02484960182781,cotton
110.83217246624571,17.51415832545836,52.623500810156955,7.403188034264719,24.201486708108074,77.25496427688228,62.48143509057287,cotton
123.91776811919443,41.876179110130835,51.42145725285114,6.557666503754169,28.31773938891066,77.87674315916638,85.81344637381457,cotton
131.80914439684372,36.89363232466598,90.26663719762598,6.763172490563147,26.15452473440184,58.392696571247896,53.50078626817518,cotton
101.98771500247439,49.11095375274224,21.71189771968875,6.6293069931741835,19.012586794678754,63.34969683614488,60.18102100536267,cotton
140.0,35.94941908832186,47.5028771500655,7.069789115919548,25.035664509059515,70.30053486965802,45.94656984456016,cotton
105.1497942914529,17.623540500817136,60.69691909731284,6.773365718094203,28.08818532704809,73.08044134350267,20.0,cotton
123.93962981807536,8.24975465748701,45.51043613082695,6.506349158482101,23.673323352975395,58.99880486367758,74.06964006904575,cotton
98.83796572363562,35.3500141087477,93.55456615592445,6.351192282319781,24.430979391321557,49.81234109990024,63.981294140597335,cotton
129.64075728947225,40.809588470359,61.16045595426145,7.016779027427693,30.092109071885584,83.6984374995008,59.54958141180726,cotton
98.23344020299892,23.907728751392945,45.795258515739775,6.88540426435939,22.637612921141002,69.41742053927726,86.76028109072621,cotton
118.48956190774234,15.805292658783054,77.62221086378537,6.186305716573852,24.344409888245075,69.66671981294932,70.31817316799263,cotton
122.70744084117122,39.1565972971424,59.468888414319736,6.639582515356896,24.184821310680608,65.10787358369316,85.7508664865373,cotton
110.30207280785228,42.70156663512367,60.28498623389807,6.593623557943161,26.23681443148827,64.18036860221505,82.76368081456425,cotton
123.19089181787677,21.055129663621187,67.92952223001839,6.9139769177065915,27.315039211619915,77.72917609927437,79.82548041452566,cotton
103.08613573186855,66.72880482261085,38.94575683392284,7.034778952284693,25.862567633772596,60.60686102015109,67.51398122243002,cotton
118.81870670633039,49.583740737157854,49.30033649579683,6.671416498072694,20.327860789957473,83.87810234498862,48.590635139598575,cotton
124.90366296358762,58.47888255417204,58.5299854982499,6.992958595461262,27.342524920607268,82.01194935953593,213.1015603526105,sugarcane
124.93337305090562,75.26297135895939,53.05625430770509,7.072617166324924,26.220999731294768,88.66029606946327,186.79704265327047,sugarcane
117.47493548644213,63.592004831706525,39.43736932756491,7.228476062425805,23.97544693299565,82.27142310083778,188.45991120545594,sugarcane
100.09683660949466,50.93955171787844,63.288062814503824,6.952028643826108,24.32358308120544,82.7737921299356,193.25947250637248,sugarcane
127.44372849368142,82.24249299578861,70.57184163658481,6.992862566475882,24.588032798613263,67.97475944320318,179.10666938737512,sugarcane
126.82313700995765,59.83591422059871,66.59764329709242,7.252927025353222,25.452071998458667,90.07108964594258,201.8936277894146,sugarcane
107.8917648377334,59.132007611784886,47.92872279421293,7.217488487031734,25.58078215307094,84.16409997302624,224.71886404456205,sugarcane
89.69915378215163,68.82206927013989,40.34031323543441,6.7478232904603015,23.37658481506557,85.29389289677559,204.56374577921912,sugarcane
140.0,50.9715425860108,70.63671584449926,6.79866696506965,20.729419459856896,72.65106833181574,197.00243932955664,sugarcane
136.6843867483759,66.95584586335671,42.487487641789286,6.707905131585852,28.03561289758606,80.88978667872686,193.45348849855208,sugarcane
127.3760946113433,71.45089619372955,53.15747478779912,6.900772432311431,23.34222100665838,85.7546208146355,203.39386315942568,sugarcane
127.22951740579339,48.61224680748744,47.68070423890711,7.033649191397818,23.841207237229014,82.28027793679489,193.8720914582696,sugarcane
133.48090161020465,50.88285029955513,57.96598140148676,6.985797843810939,26.345935398328532,75.80992567178653,239.19367963911765,sugarcane
124.69862540540424,44.35607607286894,65.53578072884952,6.635100235654963,24.868136974366355,79.65715001871729,201.4854738038029,sugarcane
106.32609935120782,74.8509184607454,42.65808949273452,6.417370531378501,24.734720698294975,92.82275397742376,192.94813805871186,sugarcane
130.51458484055948,76.10010265295318,72.22026655941104,6.656637513247896,21.81790656561185,62.33961947462916,194.74319001075213,sugarcane
137.67131052843263,43.13751022857099,70.50314771278148,6.464954240984438,24.212145152773676,85.66233291324014,186.81009126323144,sugarcane
122.55727021045371,53.77362994912007,70.57722988407265,6.820595150545391,24.113015348858536,92.46679968113583,213.24612284736605,sugarcane
109.64472200810566,58.71204148803357,58.86151822380509,6.774095871787564,29.04901855321499,82.96681514168797,159.2819485979045,sugarcane
111.85801542424552,31.01441868756287,55.053026144312405,6.153806931082071,22.256819057863144,67.83422776292704,207.68320355934955,sugarcane
120.00809043943318,64.54443461248097,58.43172917147211,6.331710674938675,25.027042738509472,95.37779648215562,208.18425157213093,sugarcane
113.6111310102365,38.57899235841832,46.37899543860052,6.885911896971618,26.14623605359875,82.0869293977758,215.99774579411968,sugarcane
130.61517366040863,67.59801587078877,50.12289607108116,6.802177053592546,22.303244392235722,80.13943162366482,206.61727062133824,sugarcane
140.0,40.35402038448552,67.22261446486958,7.194370977487078,25.517695531677592,86.66356354260033,211.75389803735624,sugarcane
139.47501734663126,43.68782747831448,39.2111000104463,6.748099757860423,19.67767579285658,89.84516643342408,224.41430390990882,sugarcane
113.4997416737321,54.43844105009236,58.91478787273993,6.765606195131886,24.254347838388572,84.46585685502643,196.54747293983044,sugarcane
134.1478995521669,66.68921665687955,50.89554831191047,7.150533800341229,21.283486027755025,79.26267351342818,219.33834802150935,sugarcane
109.15390342631783,64.64333470150727,68.15009395498572,6.491842839605629,23.85504456081193,78.74796935832632,188.96524296335414,sugarcane
140.0,48.55340469831786,75.07395441101825,6.632159694935657,21.826727622229438,80.82251394524054,212.98186768775003,sugarcane
133.80764362598518,83.43397665982604,104.1786943490265,6.825154261126679,22.673815652349223,83.62299461435913,194.67574099187016,sugarcane
133.88949194778345,40.542535554514174,95.52501813600657,7.006814428432654,20.63199196440767,74.32776878148022,216.32162088227878,sugarcane
137.6451608425718,40.91643559152055,70.69538775649423,6.165798038201423,23.821328269057908,88.89637473682565,188.9696853979404,sugarcane
97.3961655129298,62.19322194566339,50.92921700046783,6.938867509819751,22.22934713556388,73.8189048827752,159.57995358247513,sugarcane
122.54917066577224,57.58642592585102,42.17422993889893,6.808139614130128,26.054140601288278,78.2754564526484,205.36333899643947,sugarcane
124.09966874377746,41.93505259231559,90.84878731061394,6.608745050963315,25.312232403720543,86.1537222178324,197.20809745768497,sugarcane
129.10192537589452,63.68728832724584,38.73540364158891,6.650318189624974,22.774898195291875,76.30603966923098,173.91993644326723,sugarcane
136.89650575119046,84.0298898192012,74.67004463997613,7.131158767244143,23.310730325983688,74.9099453201117,184.42825906376578,sugarcane
129.66097384435835,63.405945797162246,58.841674326023615,7.138544563258603,24.809882707630685,73.29073889983532,186.3818234172861,sugarcane
130.22989948881218,75.62599278981895,68.27520348383955,7.319066624361624,27.27001433146284,83.5282866788061,183.22838681036995,sugarcane
100.3501873240235,54.18927382477928,71.29820169624236,7.297994123793582,24.8348940688216,89.34978235384989,195.09385027624396,sugarcane
129.34153687841325,72.35035244215759,30.306085862212075,6.625968359287047,25.89940076855574,82.19574668509252,176.06969903698135,sugarcane
83.54816436408966,54.5132888204699,58.92621460659181,6.484823115051497,24.28616987405599,84.05109397786316,213.41374341452465,sugarcane
84.66121612601518,40.285723532878194,55.430660274678964,6.921651939311239,24.97846802710007,83.77495958301341,192.33164116062136,sugarcane
115.08549844035059,49.075060973673885,71.52291192158772,6.473853363678127,25.70007279037914,81.66282590510117,199.09911043089693,sugarcane
110.14934400335301,39.666872082538106,50.28520865432932,6.650997939412534,19.261951376837498,78.42115875732269,218.4871473605201,sugarcane
128.50826858150808,52.55691186387739,60.70404447622842,6.5831506291734,24.29752146667139,92.32086258995226,219.36997605249752,sugarcane
127.81191458539129,52.60672631424423,71.24907589417258,6.243936914588084,23.495293036018218,84.66969135859159,214.80842428095502,sugarcane
130.04826735323613,64.42246033814541,57.064125313741755,6.9113927909479465,22.094277918827398,73.242581893654,201.23469352920594,sugarcane
122.5979646406312,32.6157723215303,66.82719571424278,6.981818513375818,23.84542952506741,98.99573026627193,186.34129787369628,sugarcane
114.58369254919695,54.07399640809186,58.857185830634734,6.6513825561101125,21.186378910790257,75.6276136301082,198.04758608451849,sugarcane
138.42858123092995,93.03364910059369,80.03210846775983,6.517386291098218,22.60838077874767,78.72537137992519,235.69117777707172,sugarcane
117.5186392172716,40.08738764193854,52.482342945704474,6.977116800545825,25.379880553792173,78.39826666806675,213.66829347120063,sugarcane
85.90241696179751,61.55743852549047,72.91028132052945,6.50014101745364,22.327322927007422,65.0684147778922,231.7979118962139,sugarcane
109.1976903446765,63.61564916793168,69.05875562225062,7.203620384742436,23.69220445202873,75.68456164977265,203.46135297141106,sugarcane
139.2612041481343,57.447412028988246,45.67696377623886,6.287772657505391,21.55740523078955,86.91513197925332,193.58751047386377,sugarcane
110.88718635118934,49.260491652240866,61.275687903002726,6.678163471870325,23.453735712561496,90.79459142248591,230.76032563723265,sugarcane
95.84967490636505,64.91389096714437,48.347068520679116,6.675524665841672,24.618556770253388,78.29824066455265,204.60919761255266,sugarcane
130.09455309047877,64.4186520081048,50.297455437485645,6.561240117908903,21.12058940676393,73.16863761983426,239.24136723797056,sugarcane
108.11994638857134,42.0993178133427,64.7989179276716,6.716890572212442,23.60881352630155,91.27236773129673,210.9825335111673,sugarcane
112.05010602444787,53.632861236123304,52.46120229141472,7.012421886474077,23.383704741093727,65.6547719803668,199.0336064253131,sugarcane
96.94460998308107,92.76345902632352,45.51498129229154,6.7014405703926805,24.516405469402272,77.69073471456616,194.19939197067615,sugarcane
126.32740929241315,82.89323938194418,71.51263622725946,7.193554163572063,21.906761783812996,82.5389010660429,203.1049210411656,sugarcane
125.26636937515102,80.64347955953359,56.68816275311919,6.628348990033774,25.067961594837328,65.77437817947322,195.26295901755643,sugarcane
117.98703466071821,46.19462075539612,75.85588517034866,6.431327904797015,23.728253903272407,82.34525780258375,227.06903122952238,sugarcane
119.8416534767872,74.04230391192316,70.50893095915691,6.787037266850743,21.820973183453088,68.52335311276521,202.13010802838372,sugarcane
111.8595468914608,73.78891637521937,71.18784777147866,6.694616701668885,21.684574152117463,84.08588439685819,179.64101107729698,sugarcane
108.62304115603703,45.308763926772684,57.9224846709007,7.101057700221168,23.989918259552944,76.45425046057844,169.4877013990951,sugarcane
128.28186877094765,48.29393091107059,61.762764287371446,6.6437344152250075,25.676354439198875,78.74210886377158,198.82147290953895,sugarcane
127.2862072118319,91.60410273394778,73.32670395537832,6.723418168095417,24.006395981230575,75.80112431740453,181.0000859296061,sugarcane
111.70873819400518,48.41776554432086,69.80052575693828,6.428641542639304,26.666421122760088,86.01637106895063,200.41003458735338,sugarcane
120.00477917197603,51.6407803557817,64.05126617021646,7.076427738962577,22.593687075488372,67.73286328865015,214.06436509713487,sugarcane
124.865489613657,43.197017978382306,48.99912943628823,6.492268717784958,22.550935461931502,77.41053796767049,194.66905391438505,sugarcane
110.2380951739731,48.62754270750108,56.568234841209275,6.800307460457868,23.36740692727031,89.26933618673041,210.16175428841572,sugarcane
96.13731214711956,67.8559164812078,69.08315973878373,6.619579509562743,21.009604825393687,80.06453407528909,199.84582697035512,sugarcane
103.17530645200208,38.231711756100964,58.68669680319841,6.680076842384754,23.165469269355214,79.33271412202751,177.94447252359362,sugarcane
113.47769080700829,67.99987545921522,54.750448794730666,6.248408258462234,23.054615444552855,71.43873229194512,205.3427259292346,sugarcane
124.78256105070638,35.11838062370954,71.38519455873283,6.416344109616433,27.118364580964702,79.60978988399506,175.07213002921677,sugarcane
102.87020893960978,65.22142937681018,54.130501651524334,6.721003827114558,27.22556046539408,74.4060474861674,201.19925715391412,sugarcane
140.0,64.057702131996,35.90095896962991,6.901616703519641,21.67399428443311,91.25446022986372,183.54264790004044,sugarcane
140.0,82.01063982491517,48.050811455580316,6.756004141500483,25.507288563266926,86.26928379381366,208.84672519952395,sugarcane
138.78238555449164,58.15546580048446,54.4992349713595,6.645940803622617,25.716746463944254,82.92144832242117,205.82567331380514,sugarcane
131.92851373885773,29.234213882192176,64.65103235812725,6.815570666662115,27.33761616260141,67.77129614189066,231.14373264753516,sugarcane
121.13113693386998,67.33484295990067,85.13878181414066,6.918228380401672,24.80073657892512,81.93832948641855,190.33043730011246,sugarcane
119.5726631323441,49.26730850815877,59.33149650861777,6.049220790883471,24.858079135135096,79.026101969731,193.27592526666473,sugarcane
123.29637125910214,38.496541155518386,88.93904994931924,6.7191697615537205,23.70831113405562,72.27683031893662,200.47892764898523,sugarcane
140.0,75.53874314148051,72.81656626710834,6.913919685500182,23.28291494487478,68.39869466370638,195.9792245626673,sugarcane
26.46192803199484,45.73191659506861,34.640856636897304,6.983693458371064,27.394977080076348,66.34803512396724,34.09741606760263,tobacco
50.78362850912222,50.39077834846116,9.506826136466607,6.95277200594825,25.764234341185034,71.28548398500523,102.29566508494655,tobacco
50.17027759845922,39.76996427992806,37.09825598717975,6.684918287159108,24.199885132234947,69.55918840214143,51.953656908109146,tobacco
25.004403363916218,24.500491819966005,20.47041945567503,6.541023950794539,24.352038298598846,74.01787776281579,37.55358773412469,tobacco
28.299678088390504,31.973274602662435,25.34056140244679,6.44828219005723,21.829507978540285,72.85181683735594,82.9521196513414,tobacco
37.4030594130565,45.580905891632746,33.02294408673753,6.643604354195281,25.312181476913704,75.50040575673995,38.45540727735756,tobacco
16.596285480329836,53.80349485549637,5.0,6.457946621052397,27.344549919216135,69.25391467566588,61.89977857098605,tobacco
31.941325152229506,24.7031972999633,30.462742391354087,6.294985689043961,27.21734883991145,81.38611936852529,67.33219355776755,tobacco
9.202658689631352,22.14235244529907,27.240170098455536,6.651661663070962,22.983973553658643,63.846701450862795,80.21352275717615,tobacco
44.083632480593366,20.676089322439736,10.00174419073506,7.485235460386365,26.56660847417743,67.86396990586374,87.3806255106168,tobacco
28.133150554283667,43.007353336502796,32.39089796664333,6.527381569450272,24.772836263538423,58.42094933229528,108.7618979878628,tobacco
15.876991195983848,9.599646355341083,26.80710175865449,6.211558455946848,24.896574418879457,75.50211078849415,89.90605801058446,tobacco
42.220960824325225,25.415519178214794,30.743877414923787,6.622363715269247,21.484425152115854,74.56467760095887,40.85401424832337,tobacco
60.60519898359734,23.93227373037457,27.22687234208113,6.269087870228644,23.74005993628862,88.19274855314592,88.80739377246596,tobacco
6.7619633227824245,52.563193510278445,47.89863412712147,6.415636261313513,25.613393884059676,69.88044736463141,109.45159808893865,tobacco
18.055647165118643,32.19015914663591,23.57782003510793,6.070087878614644,29.383276510109972,60.5474673671807,74.40258374975552,tobacco
3.88949090429497,24.0139419113536,36.32953232150186,6.252579806149291,26.17360370147131,67.84767126489534,93.20165024797227,tobacco
50.42641370010335,21.198828589049825,31.15099289089435,6.55503626794167,26.238698590869397,70.11505596995413,73.80421918685684,tobacco
26.348902878073208,31.728598004580274,49.469102903026986,6.693824972363556,26.402511278886738,75.78456259308463,66.92382444237928,tobacco
34.782405653692955,13.722394824963832,49.032114844754354,5.665111870297034,24.82570321532915,79.12716781720219,42.72264132741317,tobacco
35.99669876425277,19.7885033013146,24.46795102216697,6.783782288191832,25.396113851770302,53.725153056925095,50.47148920536803,tobacco
44.63003602333139,36.73414077289496,56.22203358786427,7.004794278203989,24.315509739706417,90.02590244055591,70.48959339703822,tobacco
15.559971983864619,20.49540201134134,5.0,6.982105702474784,28.189523978087728,61.87594048949343,65.44231423236188,tobacco
31.434113161688664,15.594704217868294,5.0,6.436892718866926,24.357841141081508,66.8927100720898,74.4543212520193,tobacco
51.44279487788988,25.453609204624108,32.556644980820444,6.718061157123481,26.108285853025496,65.08461180441726,71.92754246228071,tobacco
38.2130973025358,13.074729937338336,48.95308516194763,6.929476671564233,23.55443948911101,71.54936014678535,82.84556513342064,tobacco
21.81578765506871,37.22420768532142,32.44883439438248,6.05962454670836,25.918322631957118,61.19886066983172,88.78405703324094,tobacco
19.931833872991668,27.580718495082824,50.58418370169862,6.648914493958654,22.84105216085091,61.88066743360733,58.01394422752549,tobacco
35.91966125034999,35.374497223991526,17.353465430056964,6.1498371543156924,25.56316681017167,68.54511947367871,113.14431774895475,tobacco
30.549054848446183,57.213792415504116,12.4442460284349,6.028036118131488,22.75982973494893,79.51303825162773,105.12203179387068,tobacco
18.26730819071049,23.091509553606635,12.465286346812505,5.956508045864484,26.436823395553258,71.78416242369731,70.2097596534775,tobacco
8.9991519425493,54.59935022742991,22.449648929257904,6.660087927444943,22.09087718951055,68.4757984830397,75.82748912477167,tobacco
34.90612827079961,32.31972814854937,37.41783738073159,6.160843863190111,25.39474521087932,70.91006146784221,74.63345368390122,tobacco
31.085178259787728,10.901808391299035,10.233003718365396,5.835719544234634,26.635069019690594,76.62126007788159,86.8710058244424,tobacco
34.601849436921775,5.0,14.599342623221009,6.551124625277933,25.27103600558359,68.21801429478383,77.37834405816494,tobacco
30.174775615278683,31.811556983270425,20.41402000751976,6.7946032958364775,24.13845678263923,59.35480733583499,54.58001974362543,tobacco
24.773007129570296,44.9100418255327,29.365980023478105,6.444155534310306,22.502673150474745,76.28386071863662,56.960956919532286,tobacco
28.49958211587996,52.20274615322797,37.63144996573957,6.011523785685448,21.460979527295056,69.48551639904603,45.7451877025039,tobacco
39.728201214494966,30.63394597447469,32.480771535357945,6.287977045507294,28.48276731057341,92.74074982408368,64.4283055248657,tobacco
35.29558872622501,31.46126014596469,26.10469704838397,6.250378859680161,22.830064025039047,60.91522187579581,78.10480051098291,tobacco
22.20488282694547,5.0,36.672873308974836,6.488521615260753,27.693346002802294,72.98497917672807,40.42652807379405,tobacco
0.0,19.20791423493094,20.62338868959521,6.78294776030005,24.982258135420853,79.06950798478807,43.50333888594731,tobacco
44.47896576570672,40.8148373014638,5.0,6.896785352378232,25.186916983532704,73.13635603094805,52.702077751431545,tobacco
49.12870519382959,12.212215061416952,42.48138027560919,6.746182242772601,23.051665143655555,85.86698879538059,74.63056960435038,tobacco
39.80838915406537,7.093188069963663,61.76595004512848,6.132632917932473,27.04977286553186,62.041826256546436,57.62022394304635,tobacco
41.83131065828171,45.41329070512736,10.93073626328847,6.827141650717098,27.089960990266388,62.49637272924086,101.9729518718222,tobacco
8.147135576279428,20.628411258335767,37.18503936137983,6.243930114589218,25.52763817135868,71.92860863042637,66.25851460154558,tobacco
42.48600807885839,26.574588110135412,33.47311603220709,6.8439415632463705,26.581372420051682,76.28813832651367,47.0164079556644,tobacco
37.87188863251983,16.82251813545743,10.778775303329606,6.47848809611451,23.19140962669682,76.32494175071982,86.29070919390648,tobacco
1.4606064535283707,17.57546190634665,8.103199921230019,6.361211217022133,25.910351339737648,68.0616952145729,58.20481518665729,tobacco
49.50264790219709,5.0,48.55307840277337,6.336713512053354,24.84378197977442,65.78109329823913,100.85776211078237,tobacco
11.535322547921108,30.176045545829037,37.91157977789995,6.01669916963445,23.160203659107694,68.81457173201417,52.2666993063125,tobacco
17.76612343171275,24.752060053853437,39.743719974692596,6.397184666936557,27.156852388945893,62.01793773872516,44.96155479053095,tobacco
58.895181085817015,20.130628085017328,10.336319893917604,5.977383817468451,27.15020690761788,67.26956388271952,64.92580529867203,tobacco
27.611974326200407,45.194143270046716,27.307052490361194,7.2032161336497875,25.267521148108457,78.49427813566658,86.10479715808813,tobacco
29.453290196129434,21.195435209693052,34.9794589284983,6.653029619362182,23.854827903746944,71.33071092760525,94.72409956519192,tobacco
61.04921608604518,42.81553980524132,57.94139529570423,6.311187736638063,26.403764504118588,80.70815606865018,52.07333334056008,tobacco
22.716148319324862,56.06857142752875,15.373517163195901,6.097660990203287,28.055963147279023,79.57410579984351,78.64240487967538,tobacco
29.314338680312588,23.42213241592527,34.22923310713577,6.973942087220465,25.477132252284154,87.33567413797573,52.041160287195396,tobacco
29.70478868507596,24.404119985041266,13.722876852565008,6.454074880097103,25.83465860332088,74.19384143961624,113.40904357889113,tobacco
36.967012045853394,47.25205205519424,30.99141369448464,7.0034166801357784,29.79689857117614,74.2486810478076,50.14681969096837,tobacco
21.767924658342473,34.22901454807743,36.847470528759686,6.709527540315311,25.92039536246008,70.0558793300475,57.27603117595743,tobacco
36.01707391896344,57.824810362209845,45.29892908141632,6.66041118489086,27.0591338476455,67.03148776879318,59.83469707833359,tobacco
18.78322343451027,28.120700658458432,23.669911549363796,6.862482422195642,24.049353164635622,63.578226270200666,108.85154357661264,tobacco
23.229371533779847,32.302926858755264,36.76984237115117,6.158992064323756,27.47096753900614,75.09695232328983,101.16768023761563,tobacco
19.811670941728494,31.4868868871424,30.59033632491293,6.579166548305007,22.09077050284568,70.88669102953777,41.47072177152509,tobacco
35.37501106795382,5.0,5.0,6.745564614931999,23.906323089610435,62.09713541094207,95.41691242151096,tobacco
34.91439325992622,43.081352933006755,27.506368915187544,7.303888608170001,23.79097227888041,83.9559643948791,68.77267919800174,tobacco
5.182344076308809,37.24273118622163,34.72143842182746,6.184603455728231,23.15556144573057,69.80241885532006,76.99495630495963,tobacco
0.0,45.79682178785704,22.58253039277534,6.100475754680547,26.88213310290386,69.81105616465236,94.3233155356451,tobacco
36.56928394469633,29.97728245577931,27.70905082529766,6.644813828166841,24.17293748238134,63.17941929002801,82.19818245309288,tobacco
27.83268237833356,30.503514721035092,46.34069754231912,6.465837017679278,25.03006785108358,65.20280390839254,78.61479867963702,tobacco
35.24741869020132,43.511626976858366,21.31306744489686,6.362654909122944,26.584274798290938,72.0177040269029,51.87563747614611,tobacco
49.59831101601751,5.0,41.764271298956274,6.120436389200541,28.771577032971052,57.64320218475501,93.04501303745496,tobacco
28.77548459983134,24.50096145241884,32.780949847016416,6.689570101747344,23.19119899533826,63.47369819865142,82.99209730225772,tobacco
4.389855695256003,21.23656360211872,75.6103043123916,6.209596110623216,27.295605583519507,65.31239385028951,80.18090289594288,tobacco
39.81533535894326,46.93435102774421,26.996192597808363,7.0966653916264555,23.82132687082964,71.87376330879648,74.90553864435215,tobacco
13.170478200758769,25.711916175313192,32.42270248857611,6.370363687061174,29.881847930913068,63.29101061120375,93.58848936280856,tobacco
42.8468971972318,29.79206798243593,17.0218641922163,6.269523403882469,23.96406540156698,55.71406974442989,49.93069148401419,tobacco
7.762852269545363,50.18812504766575,39.27693588582328,6.735792229659638,26.177663903083896,71.3357409866733,99.21360664258273,tobacco
20.83856016402394,31.600044830505674,41.20588241736185,6.103637230443161,31.1931777922851,70.22852610222068,72.83978901151185,tobacco
48.853170475123825,43.724329995153354,30.57117029094689,6.539038831429413,21.99170293810404,65.5482737772002,80.34420432317921,tobacco
36.6583925856433,48.31748625006131,28.19248412665013,6.08381404597074,27.113460861551356,81.48871476945612,87.9648914571246,tobacco
27.54549493713763,45.66579077814869,81.43365717012321,6.5345456943321425,22.37652661550975,65.30971960358278,82.50952000608102,tobacco
5.92793533652906,32.54104612368104,35.70504975473824,6.960536521943796,27.6203897121086,76.91667833401416,26.746419789709407,tobacco
43.81579692071888,40.582700790903694,33.8391656561752,5.980933362156354,23.44645218162588,60.66541784372747,29.69983120985819,tobacco
99.95627272877809,18.032668178358307,99.37958370403368,6.6993684181686275,30.58750631173192,67.4472078024542,204.3982082799026,arecanut
101.45346814051472,16.377690770884946,53.666989727928836,6.684614728126938,27.532184029110212,94.84094858428277,222.5645257086302,arecanut
107.19265844411954,38.09482161517606,69.18939566005669,6.7251339048375405,27.35850725704231,81.33452847614622,238.13607897826944,arecanut
116.89357282654575,26.394022864673833,71.51765542002167,6.691624601088099,28.06774109887049,76.21181294756641,211.36709722187533,arecanut
120.11995104324521,31.386317210088546,62.02923762828477,6.315834666222613,27.38151218473454,78.06948077004218,198.4171302911319,arecanut
100.32498117555345,23.562265646585185,61.19993782865373,6.78645090294568,26.08849128435471,76.81038574013448,216.54748565521666,arecanut
117.76449146735088,33.85078759193611,50.070972301238584,6.869701427773156,31.41509777864352,87.33365178071215,225.9505306087124,arecanut
110.88385263223482,51.59931062142946,76.1344019102649,6.920028114335297,30.13728443918017,71.34679122988751,184.95469495319438,arecanut
102.35647975965745,31.030210644758075,51.841349197301135,6.997755800948313,24.274272827097526,75.72182195153756,205.3008891024477,arecanut
75.45547322350811,52.42096510903956,39.611980970050155,6.5734979828076945,29.815959515610267,85.16836274742985,192.83650607030506,arecanut
110.23733813890955,34.346767179873325,94.99553343167202,6.871182124820491,27.717516357862937,73.14798434304461,200.11513266088858,arecanut
87.61346356797763,50.566482208678835,60.26954872524706,6.919574137192419,31.028495199961775,61.13228686234028,240.5774752940075,arecanut
100.83095367675001,36.52572557460667,47.573951673776236,6.523462680465444,28.977691779625975,99.0,235.06626625629804,arecanut
118.98284382127811,27.1199809460787,50.996936631215576,6.515758514526302,27.023452550606624,63.577740534635794,200.50161314216797,arecanut
91.59470265910235,27.369627384077383,61.97625164620938,6.858735260587683,27.97014925511408,75.34845530925794,175.7328271346896,arecanut
91.3703708739731,15.413240434694924,66.99100122417906,7.0227862190081085,29.87714213411988,86.05562188902256,212.32948529095023,arecanut
92.17066651786155,18.79345869499401,37.387516250973746,7.047556110152358,27.650577924140052,70.02927765103301,198.4701724857953,arecanut
86.99539815351172,30.645367275226903,76.0120177660603,6.645603135121325,23.4949329704327,78.48655731872864,211.87612199805608,arecanut
96.62619653596717,20.588082502864474,63.261586210887636,6.7698423345447,27.950339371746704,83.30113089154372,206.40334353704293,arecanut
92.7012149544902,50.701849343781,68.39033114573154,6.99808381828284,30.452209170668137,84.2075534449984,233.56777358272342,arecanut
76.30982256894609,33.06230807994041,57.25922307278509,7.2533052272699425,29.8552910636066,74.95643847365456,222.45588317058412,arecanut
102.5152200017386,36.81497149728343,44.717362959380225,6.858004939571468,27.54369730142353,82.2595981124448,200.5122966975566,arecanut
91.22405242905101,47.607630305500535,44.226786624897585,6.456673679687386,27.896837485568845,73.82487699851237,197.299427354744,arecanut
101.57613956812442,7.424012146444429,44.88056647629543,7.366228674877093,28.918950117938017,74.02749318184071,223.36430156532396,arecanut
108.50995715479944,44.91621630135357,58.092659558149045,7.042949310831867,23.923106950235656,71.54953495619398,218.27742803472913,arecanut
104.94450299211687,16.323265684970373,63.891299868947385,6.562847925393822,27.446081811545668,88.19819040532009,233.17874993777198,arecanut
85.04409508955106,14.141228069698448,53.832399066700255,6.741976109648123,26.684203022850518,88.32513954239734,221.9477968341711,arecanut
106.09127664811643,11.001917565825423,77.50936076075669,5.903949353327793,29.66811090369874,87.47449390136617,206.35197625444076,arecanut
119.09365325871136,29.053536705684802,60.93647554991164,6.851858636221265,34.37314982362211,90.75547126466404,229.02262401425835,arecanut
86.30793270098208,32.15384738219238,47.8031385923042,6.996633254184844,28.280933951469713,71.00382656308884,216.62249166837006,arecanut
87.25873795425542,32.268243320063206,47.11384025452115,6.758246290008244,29.50093972387019,79.57558406459916,207.18223465655223,arecanut
103.04914331586194,40.457739311892794,43.39225095177359,6.8281968464115605,30.635081638034798,84.58925570621372,216.15508293334454,arecanut
109.59606260048342,36.78744684154024,71.30401663739721,6.142820516705116,24.893087732673468,88.0386331958659,184.8944164767712,arecanut
106.02307953578807,24.719255159515626,45.057161316060046,6.854894927144242,28.402067007433143,96.88274121677102,202.5037759092822,arecanut
121.6016518010376,35.286343715764716,50.08467177685932,6.9897739372551735,29.131477008907904,80.28674635886439,220.32590712881247,arecanut
91.04519453431702,17.613193121182398,71.39163260733875,6.682818172706018,27.839834003501814,82.23857276755422,220.30576689567616,arecanut
78.56010293538903,49.293781296822885,61.81773227851018,6.689204021153355,28.861692010339492,81.8923375489189,230.34125378979405,arecanut
108.06975508226412,40.767693434944,80.26490858591274,7.015087364691292,27.679027559342874,71.01679075138534,248.3559586600903,arecanut
96.43414939979331,22.903388799592165,33.94909773353341,6.8515419315936334,28.29777320790754,67.87908051000416,224.0654808426635,arecanut
92.52712118947841,70.3547251093304,51.45958211863697,6.619442000340662,26.250447551491263,90.22301216833577,207.54448411070493,arecanut
89.12628769351755,40.60432514880814,39.29470596880222,6.937533163874684,31.562799433201715,84.53286266268071,227.7579663251985,arecanut
113.05090325361226,55.64562043013278,78.14840940028657,6.881900916681907,29.807782801272,72.91252059627911,230.52587181494644,arecanut
84.91666043224379,24.4946637205256,13.761567372851438,6.870428897810239,26.712255977783293,88.8891617216357,222.80385221210807,arecanut
116.86143842052438,13.746051829911934,75.5757905573945,7.3817569033089985,29.52831659986379,86.32279206953831,218.3919535278987,arecanut
92.12996829151953,41.41788559052263,37.408756343968975,6.624673462523755,24.457886395325637,74.37074898147934,227.84090183787123,arecanut
107.58090064330695,30.76370543303209,62.55601491093016,6.184240614640737,27.25487543885817,74.54918714851831,201.8188061897092,arecanut
108.9936794172063,17.092390102420342,50.929787248088836,6.123879226287145,27.41175363924766,71.29729961829105,216.58405857379287,arecanut
85.73337929886303,31.568133683238244,57.829713588864855,7.251612531912696,28.994435960906387,65.28289701950158,189.70222311794583,arecanut
100.828120134885,16.052280774110237,15.474473546462221,7.154863894150123,29.440448033810817,84.16781498793418,202.8535390905817,arecanut
106.41515156514895,19.434595136686777,63.07285950326536,6.4738250322490565,31.03257690111203,67.43810676734525,239.64567659021662,arecanut
100.58373742025995,22.65799506987014,62.505043825436076,6.970004402153454,30.733493473388794,82.50514418506826,197.18607829475445,arecanut
100.83445185648682,57.25189854993559,80.21517128268937,7.022629043437307,29.591374040244773,85.59560072485233,238.1750966901974,arecanut
93.15056821417141,9.673709013374907,61.03505251105592,6.504725523966693,25.889958489245632,74.23777138729655,264.70627849067375,arecanut
102.04186951113766,35.428617545414824,41.66455789493619,6.196874112362211,26.36189471376239,91.50556468166998,221.68550932153042,arecanut
108.97892637166588,41.078490588030924,51.129759303025835,7.16638967519201,26.734384801555635,91.24985887410043,223.84604312270682,arecanut
73.16432268630517,18.779857700991975,33.22592200691843,7.098984639838263,27.9505291583952,62.17326048040176,222.51493763439316,arecanut
91.9425360641752,7.742912174500152,85.16948755453046,6.782185759828973,27.413137195373373,76.80460175211186,184.73441061684457,arecanut
80.43176650623836,49.27375177312625,52.89175695321421,6.756620310281059,23.91133904759785,69.45526371363596,227.19625039749505,arecanut
105.6656764017075,56.30062798086473,80.1443449744684,6.680786708254553,28.94590712942654,77.46717245677542,256.09619637277297,arecanut
117.235220440786,32.54527636286627,63.005921773145275,7.1834550861779425,29.159155694227696,92.46902413656069,171.12704147482253,arecanut
106.91842392248198,22.268477029779227,86.34566981441989,7.213919606156948,28.065671618202614,92.28504783048825,250.66229039985012,arecanut
101.1161000788922,67.07900658647786,59.529882709954165,6.685643714899228,29.731745177168687,77.16967415086148,216.70679551589788,arecanut
121.14151636076365,30.288282783259056,34.574733105370385,6.860195816354759,26.60741284189521,86.92216925835636,228.92379431652492,arecanut
122.07100522249783,43.61298451189045,76.35366425487098,6.549270971958686,29.607972991781004,95.74761031488232,201.22700182726464,arecanut
126.99607437590647,21.75974863198004,47.220431324250384,6.838860133006452,29.431820832257618,87.29400099177812,195.76475158453596,arecanut
106.51810145881436,19.716681427747424,37.66616615894135,6.471379105340165,26.498199268088364,84.17276128282006,238.04427326137338,arecanut
77.901900551871,35.27941611312083,42.3495272134364,6.9387256227042,26.754538837992506,71.58936785581378,230.9932903069515,arecanut
91.19616091832357,25.260540729709525,26.700163686654356,7.033965408427042,29.641817042338214,80.0436627542505,184.4483811728848,arecanut
118.14053767502145,20.00604920458813,53.199698248491174,7.44361321690786,26.592727111781542,85.937679699412,226.24184524165236,arecanut
105.85258289320127,34.230008138317665,65.64582842833799,6.831582177282162,27.89616328244788,92.09026499288593,188.74678878401443,arecanut
115.32187156023065,42.33513448031327,70.47598681994101,7.085093828292038,27.814801209463216,65.04820739338498,213.55414680571027,arecanut
85.13208673563169,19.022111852129044,41.36370489251382,6.606796542466849,26.8067526120331,60.97944136058318,229.00443822564577,arecanut
133.30482787007324,39.09355790244433,56.95614065198659,6.7335760812971355,27.158028263973648,80.72033267093566,214.25983811853533,arecanut
87.38427354402558,55.24332583421747,37.692686464353436,6.965499462958274,27.797604745364936,95.20665452052596,221.8172919849644,arecanut
94.60141694225128,26.28439202348254,60.59860041779642,6.407162791501079,26.466260949764177,65.72044824646514,196.54046203251812,arecanut
101.40859722490674,34.50262573926781,30.31005457505397,6.70883648908674,29.126819901644264,78.69670245299012,202.324227084444,arecanut
93.8175828242768,21.88854967534167,50.449041613379144,6.802147057573454,32.6153764554709,74.05040066475853,208.63714734677146,arecanut
99.22453090937152,19.689683484625597,76.4735370528514,6.038734388008068,26.93788165924265,86.54650989055969,209.11811383222732,arecanut
87.68741561724563,36.61135131658146,73.59514853095727,6.813190633564518,26.39755928037423,83.64962655321395,206.9590139945042,arecanut
111.17780322840741,52.248883272848865,20.916348664672007,6.78332024195869,24.528532126104746,99.0,205.63750932407618,arecanut
111.19559862738059,29.470247106076563,47.953731289214105,6.473384085846772,31.17135834620152,87.64750448142648,253.87168174755126,arecanut
100.83180002736549,34.31879431869,55.992126515170675,6.6638753390654974,25.916226135045264,80.67208152739481,199.21506810227606,arecanut
106.62863383246304,32.55015328470314,64.31523065513584,7.252538981907068,27.924564100468817,86.05381602282742,256.0301892817116,arecanut
119.59925603942571,47.29754547682267,55.3996767671925,6.818892916670339,25.363447415940115,83.99131520771532,220.48920355227682,arecanut
100.35077687734271,45.4079218236429,41.88337766363405,7.240458855348104,29.80352937588057,79.4349281627842,212.02540824365212,arecanut
107.20916822872891,52.81276848095669,61.52411578035016,6.793209270593768,28.03623695525174,94.25619290161178,207.62233794125953,arecanut
